TEAM_NAME,SEASON,Wins,Losses,PACE,OFF_RATING,DEF_RATING,NET_RATING,TS_PCT,FGM,FGA,FG3M,FG3A,FG%,FG3%,FG2M,FG2A,2P%
Atlanta Hawks,2000-01,25,57,93.63,96.9,102.4,-5.5,0.5,2876,6668,333,933,43.13,35.69,2543,5735,44.34
Atlanta Hawks,2001-02,33,49,93.21,100.4,104.8,-4.4,0.517,2901,6610,423,1194,43.89,35.43,2478,5416,45.75
Atlanta Hawks,2002-03,35,47,92.63,100.4,104.2,-3.8,0.527,2859,6434,402,1141,44.44,35.23,2457,5293,46.42
Atlanta Hawks,2003-04,28,54,92.68,99.1,103.9,-4.8,0.514,2829,6529,419,1249,43.33,33.55,2410,5280,45.64
Atlanta Hawks,2004-05,13,69,93.09,98.8,109,-10.2,0.504,2942,6672,304,973,44.09,31.24,2638,5699,46.29
Atlanta Hawks,2005-06,26,56,91.75,104.8,110.1,-5.3,0.534,2946,6496,424,1154,45.35,36.74,2522,5342,47.21
Atlanta Hawks,2006-07,30,52,90.98,102,107,-5.1,0.523,2831,6372,341,1038,44.43,32.85,2490,5334,46.68
Atlanta Hawks,2007-08,37,45,92.35,105.5,107.3,-1.8,0.535,2975,6552,384,1078,45.41,35.62,2591,5474,47.33
Atlanta Hawks,2008-09,47,35,90.44,108.3,106.7,1.7,0.546,2956,6451,597,1633,45.82,36.56,2359,4818,48.96
Atlanta Hawks,2009-10,53,29,90.77,111,106,4.9,0.545,3181,6801,524,1455,46.77,36.01,2657,5346,49.7
Atlanta Hawks,2010-11,44,38,90.22,105.1,105.8,-0.7,0.542,2971,6429,502,1427,46.21,35.18,2469,5002,49.36
Atlanta Hawks,2011-12,40,26,90.88,104.2,100.4,3.8,0.535,2429,5348,492,1330,45.42,36.99,1937,4018,48.21
Atlanta Hawks,2012-13,44,38,93.56,103.7,103.4,0.3,0.546,3084,6644,706,1901,46.42,37.14,2378,4743,50.14
Atlanta Hawks,2013-14,38,44,95.41,104.9,105.7,-0.7,0.554,3061,6688,768,2116,45.77,36.29,2293,4572,50.15
Atlanta Hawks,2014-15,60,22,94.66,108.2,102.3,5.9,0.563,3121,6699,818,2152,46.59,38.01,2303,4547,50.65
Atlanta Hawks,2015-16,48,34,97.63,104.6,100.8,3.9,0.552,3168,6923,815,2326,45.76,35.04,2353,4597,51.19
Atlanta Hawks,2016-17,43,39,97.76,104.5,105.2,-0.7,0.541,3123,6918,729,2137,45.14,34.11,2394,4781,50.07
Atlanta Hawks,2017-18,24,58,98.76,104.4,110.1,-5.7,0.547,3130,7015,917,2544,44.62,36.05,2213,4471,49.5
Atlanta Hawks,2018-19,29,53,104.56,107.5,113.1,-5.5,0.555,3392,7524,1067,3034,45.08,35.17,2325,4490,51.78
Atlanta Hawks,2019-20,20,47,103.28,107,114.4,-7.4,0.554,2723,6067,805,2416,44.88,33.32,1918,3651,52.53
Atlanta Hawks,2020-21,41,31,98.68,114.3,112.1,2.2,0.581,2937,6281,895,2402,46.76,37.26,2042,3879,52.64
Atlanta Hawks,2021-22,43,39,98.67,115.4,113.7,1.6,0.581,3401,7241,1056,2821,46.97,37.43,2345,4420,53.05
Atlanta Hawks,2022-23,41,41,101.56,115.5,115.4,0.1,0.579,3658,7574,882,2505,48.3,35.21,2776,5069,54.76
Atlanta Hawks,2023-24,36,46,100.84,116.4,118.4,-2,0.576,3529,7584,1125,3092,46.53,36.38,2404,4492,53.52
Boston Celtics,2000-01,36,46,93.81,100.1,102.3,-2.2,0.521,2773,6485,592,1633,42.76,36.25,2181,4852,44.95
Boston Celtics,2001-02,49,33,93.6,102.1,99.9,2.2,0.52,2852,6731,699,1946,42.37,35.92,2153,4785,44.99
Boston Celtics,2002-03,44,38,91.95,100,100.5,-0.6,0.514,2700,6509,719,2155,41.48,33.36,1981,4354,45.5
Boston Celtics,2003-04,36,46,94.47,100.7,102.2,-1.5,0.532,2843,6415,553,1599,44.32,34.58,2290,4816,47.55
Boston Celtics,2004-05,45,37,94.61,105.9,105.1,0.8,0.551,3046,6511,437,1252,46.78,34.9,2609,5259,49.61
Boston Celtics,2005-06,33,49,93.27,104,105.6,-1.5,0.551,2951,6322,467,1290,46.68,36.2,2484,5032,49.36
Boston Celtics,2006-07,24,58,92.91,102.3,105.8,-3.5,0.53,2858,6454,471,1283,44.28,36.71,2387,5171,46.16
Boston Celtics,2007-08,66,16,91.88,108.8,98.1,10.8,0.569,2986,6286,596,1564,47.5,38.11,2390,4722,50.61
Boston Celtics,2008-09,62,20,91.15,109.5,101.6,7.9,0.571,3075,6333,538,1355,48.56,39.7,2537,4978,50.96
Boston Celtics,2009-10,50,32,92.22,106.9,103.2,3.7,0.564,3039,6294,499,1433,48.28,34.82,2540,4861,52.25
Boston Celtics,2010-11,56,26,90.92,105.5,99.8,5.7,0.561,3023,6219,408,1119,48.61,36.46,2615,5100,51.27
Boston Celtics,2011-12,39,27,91.11,100.1,97.5,2.6,0.535,2341,5086,363,988,46.03,36.74,1978,4098,48.27
Boston Celtics,2012-13,41,40,92.46,102.2,102.6,-0.5,0.542,3001,6459,498,1390,46.46,35.83,2503,5069,49.38
Boston Celtics,2013-14,25,57,94.28,101.9,106.5,-4.6,0.517,2996,6883,575,1729,43.53,33.26,2421,5154,46.97
Boston Celtics,2014-15,40,42,96.71,103.8,103.5,0.3,0.523,3193,7211,660,2021,44.28,32.66,2533,5190,48.81
Boston Celtics,2015-16,48,34,99.43,105.8,102.5,3.3,0.531,3216,7318,717,2142,43.95,33.47,2499,5176,48.28
Boston Celtics,2016-17,53,29,97.21,110.6,108,2.6,0.567,3168,6977,985,2741,45.41,35.94,2183,4236,51.53
Boston Celtics,2017-18,55,27,96.75,106.8,103.2,3.6,0.552,3141,6975,939,2492,45.03,37.68,2202,4483,49.12
Boston Celtics,2018-19,49,33,100.43,111.3,107,4.3,0.567,3451,7423,1032,2829,46.49,36.48,2419,4594,52.66
Boston Celtics,2019-20,48,24,99.92,112.8,106.5,6.3,0.57,2971,6448,905,2487,46.08,36.39,2066,3961,52.16
Boston Celtics,2020-21,36,36,98.94,113.1,111.8,1.2,0.574,2985,6401,979,2618,46.63,37.39,2006,3783,53.03
Boston Celtics,2021-22,51,31,97.26,113.6,106.2,7.4,0.578,3341,7167,1085,3044,46.62,35.64,2256,4123,54.72
Boston Celtics,2022-23,57,25,99.15,117.3,110.6,6.7,0.6,3460,7278,1315,3492,47.54,37.66,2145,3786,56.66
Boston Celtics,2023-24,64,18,97.98,122.2,110.6,11.7,0.609,3601,7396,1351,3482,48.69,38.8,2250,3914,57.49
Brooklyn Nets,2000-01,26,56,93.35,106.9,104.8,2,0.536,2781,6550,361,1084,42.46,33.3,2420,5466,44.27
Brooklyn Nets,2001-02,52,30,93.2,105.4,106.7,-1.3,0.555,3042,6816,403,1194,44.63,33.75,2639,5622,46.94
Brooklyn Nets,2002-03,49,33,93,103.4,106.3,-3,0.529,2906,6585,346,1041,44.13,33.24,2560,5544,46.18
Brooklyn Nets,2003-04,47,35,90.97,102.4,109.7,-7.4,0.527,2813,6372,377,1123,44.15,33.57,2436,5249,46.41
Brooklyn Nets,2004-05,42,40,90.41,103.6,110.1,-6.5,0.551,2753,6419,435,1203,42.89,36.16,2318,5216,44.44
Brooklyn Nets,2005-06,49,33,91.17,106.1,109.7,-3.6,0.551,2778,6317,477,1447,43.98,32.96,2301,4870,47.25
Brooklyn Nets,2006-07,41,41,92.69,108.9,109,-0.1,0.556,2913,6379,609,1676,45.67,36.34,2304,4703,48.99
Brooklyn Nets,2007-08,34,48,92.96,108.7,109.2,-0.5,0.554,2856,6450,498,1430,44.28,34.83,2358,5020,46.97
Brooklyn Nets,2008-09,34,48,91.12,117.3,113.1,4.2,0.61,2925,6536,652,1735,44.75,37.58,2273,4801,47.34
Brooklyn Nets,2009-10,12,70,92.65,113.2,112.3,0.9,0.576,2813,6554,377,1185,42.92,31.81,2436,5369,45.37
Brooklyn Nets,2010-11,24,58,90.7,114.6,113.5,1.1,0.598,2918,6638,459,1337,43.96,34.33,2459,5301,46.39
Brooklyn Nets,2011-12,22,44,91.26,112.4,115.4,-2.9,0.561,2262,5320,507,1481,42.52,34.23,1755,3839,45.72
Brooklyn Nets,2012-13,49,33,89.88,106.9,104.8,2,0.536,2942,6544,628,1760,44.96,35.68,2314,4784,48.37
Brooklyn Nets,2013-14,44,38,92.42,105.4,106.7,-1.3,0.555,2931,6391,709,1922,45.86,36.89,2222,4469,49.72
Brooklyn Nets,2014-15,38,44,93.69,103.4,106.3,-3,0.529,3069,6804,541,1633,45.11,33.13,2528,5171,48.89
Brooklyn Nets,2015-16,21,61,96.12,102.4,109.7,-7.4,0.527,3136,6920,531,1508,45.32,35.21,2605,5412,48.13
Brooklyn Nets,2016-17,20,62,101.75,103.6,110.1,-6.5,0.551,3102,6987,877,2591,44.4,33.85,2225,4396,50.61
Brooklyn Nets,2017-18,28,54,99.66,106.1,109.7,-3.6,0.551,3136,7114,1041,2924,44.08,35.6,2095,4190,50
Brooklyn Nets,2018-19,42,40,101.52,108.9,109,-0.1,0.556,3301,7358,1047,2965,44.86,35.31,2254,4393,51.31
Brooklyn Nets,2019-20,35,37,101.7,108.7,109.2,-0.5,0.554,2908,6498,941,2746,44.75,34.27,1967,3752,52.43
Brooklyn Nets,2020-21,48,24,100.27,117.3,113.1,4.2,0.61,3106,6289,1020,2600,49.39,39.23,2086,3689,56.55
Brooklyn Nets,2021-22,44,38,99.4,113.2,112.3,0.9,0.576,3442,7251,940,2602,47.47,36.13,2502,4649,53.82
Brooklyn Nets,2022-23,45,37,98.77,114.6,113.5,1.1,0.598,3399,6978,1048,2771,48.71,37.82,2351,4207,55.88
Brooklyn Nets,2023-24,32,50,97.56,112.4,115.4,-2.9,0.561,3334,7307,1089,3010,45.63,36.18,2245,4297,52.25
Charlotte Hornets,2000-01,46,36,91.24,99.7,97.6,2.1,0.506,2800,6501,340,984,43.07,34.55,2460,5517,44.59
Charlotte Hornets,2001-02,44,38,90.93,102.9,101.8,1.2,0.513,2893,6580,346,994,43.97,34.81,2547,5586,45.6
Charlotte Hornets,2004-05,18,64,93.54,99.8,106,-6.2,0.497,2961,6859,320,881,43.17,36.32,2641,5978,44.18
Charlotte Hornets,2005-06,26,56,94.57,101.2,105.6,-4.4,0.509,2961,6843,428,1261,43.27,33.94,2533,5582,45.38
Charlotte Hornets,2006-07,33,49,93.11,102.4,106.3,-3.9,0.524,2960,6643,457,1280,44.56,35.7,2503,5363,46.67
Charlotte Hornets,2007-08,32,50,92.75,103.7,108.2,-4.5,0.532,2960,6554,529,1443,45.16,36.66,2431,5111,47.56
Charlotte Hornets,2008-09,35,47,89.18,103.7,105,-1.3,0.536,2866,6299,490,1339,45.5,36.59,2376,4960,47.9
Charlotte Hornets,2009-10,44,38,90.91,103.9,102,1.9,0.538,2858,6306,460,1331,45.32,34.56,2398,4975,48.2
Charlotte Hornets,2010-11,34,48,90.3,102.8,107,-4.2,0.528,2873,6365,393,1203,45.14,32.67,2480,5162,48.04
Charlotte Hornets,2011-12,7,59,91.86,94.4,109.4,-15,0.483,2193,5293,263,892,41.43,29.48,1930,4401,43.85
Charlotte Hornets,2012-13,21,61,92.49,100.4,110.3,-9.9,0.507,2823,6649,469,1399,42.46,33.52,2354,5250,44.84
Charlotte Hornets,2013-14,43,39,92.93,103,103.3,-0.4,0.522,2976,6730,516,1471,44.22,35.08,2460,5259,46.78
Charlotte Hornets,2014-15,33,49,93.45,99.6,103,-3.4,0.498,2913,6932,498,1566,42.02,31.8,2415,5366,45.01
Charlotte Hornets,2015-16,48,34,96.24,106.4,103.7,2.7,0.545,3036,6922,873,2410,43.86,36.22,2163,4512,47.94
Charlotte Hornets,2016-17,36,46,95.92,108.4,108.4,0,0.547,3093,7000,824,2347,44.19,35.11,2269,4653,48.76
Charlotte Hornets,2017-18,36,46,98.66,109,109,-0.1,0.549,3197,7106,824,2233,44.99,36.9,2373,4873,48.7
Charlotte Hornets,2018-19,39,43,99.18,110.7,112,-1.3,0.554,3297,7362,977,2783,44.78,35.11,2320,4579,50.67
Charlotte Hornets,2019-20,23,42,96.24,105.9,112.8,-7,0.539,2425,5586,785,2231,43.41,35.19,1640,3355,48.88
Charlotte Hornets,2020-21,33,39,99,110.1,112,-1.9,0.564,2875,6324,985,2666,45.46,36.95,1890,3658,51.67
Charlotte Hornets,2021-22,43,39,100.52,113.6,113.1,0.5,0.572,3508,7497,1143,3130,46.79,36.52,2365,4367,54.16
Charlotte Hornets,2022-23,27,55,101.47,108.4,114.7,-6.3,0.551,3385,7413,881,2669,45.66,33.01,2504,4744,52.78
Charlotte Hornets,2023-24,21,61,97.81,108.6,119.2,-10.6,0.56,3281,7133,989,2788,46,35.47,2292,4345,52.75
Chicago Bulls,2000-01,15,67,90.47,95.9,105.9,-10,0.495,2721,6411,329,950,42.44,34.63,2392,5461,43.8
Chicago Bulls,2001-02,21,61,91.56,97.2,106.2,-9.1,0.499,2811,6491,300,868,43.31,34.56,2511,5623,44.66
Chicago Bulls,2002-03,30,52,94.76,99.1,104.2,-5.1,0.512,2991,6714,349,997,44.55,35.01,2642,5717,46.21
Chicago Bulls,2003-04,23,59,93.23,95.6,102.1,-6.5,0.486,2798,6753,429,1256,41.43,34.16,2369,5497,43.1
Chicago Bulls,2004-05,47,35,93.41,100.5,99.1,1.4,0.517,2849,6592,511,1433,43.22,35.66,2338,5159,45.32
Chicago Bulls,2005-06,41,41,93.59,103.3,102.7,0.7,0.527,3004,6737,560,1477,44.59,37.91,2444,5260,46.46
Chicago Bulls,2006-07,49,33,94.47,104,98.8,5.2,0.534,3046,6663,480,1237,45.72,38.8,2566,5426,47.29
Chicago Bulls,2007-08,33,49,94.04,102.9,106,-3.1,0.515,2987,6861,474,1305,43.54,36.32,2513,5556,45.23
Chicago Bulls,2008-09,41,41,94.1,107.2,107.5,-0.3,0.541,3126,6846,493,1293,45.66,38.13,2633,5553,47.42
Chicago Bulls,2009-10,41,41,94.02,102.6,104.2,-1.6,0.52,3081,6825,352,1066,45.14,33.02,2729,5759,47.39
Chicago Bulls,2010-11,62,20,91.2,107.2,99.5,7.8,0.541,3042,6587,511,1415,46.18,36.11,2531,5172,48.94
Chicago Bulls,2011-12,50,16,89.98,106.3,97.5,8.8,0.523,2467,5462,419,1117,45.17,37.51,2048,4345,47.13
Chicago Bulls,2012-13,45,37,90.35,102.4,101.9,0.5,0.512,2926,6698,446,1265,43.68,35.26,2480,5433,45.65
Chicago Bulls,2013-14,48,34,90.84,101.7,99.9,1.9,0.518,2843,6577,508,1459,43.23,34.82,2335,5118,45.62
Chicago Bulls,2014-15,50,32,93.8,106.3,103.3,3,0.536,3001,6797,645,1825,44.15,35.34,2356,4972,47.39
Chicago Bulls,2015-16,42,40,96.6,104.1,105.5,-1.4,0.526,3165,7170,651,1753,44.14,37.14,2514,5417,46.41
Chicago Bulls,2016-17,41,41,96.02,106.5,106.2,0.3,0.53,3169,7141,623,1831,44.38,34.03,2546,5310,47.95
Chicago Bulls,2017-18,27,55,98.65,103.4,110.5,-7,0.529,3170,7285,906,2549,43.51,35.54,2264,4736,47.8
Chicago Bulls,2018-19,22,60,99.3,104.5,112.8,-8.3,0.541,3266,7205,745,2123,45.33,35.09,2521,5082,49.61
Chicago Bulls,2019-20,22,43,100.46,105.8,108.9,-3.1,0.547,2573,5762,793,2282,44.65,34.75,1780,3480,51.15
Chicago Bulls,2020-21,31,41,99.58,110.4,111.5,-1.1,0.575,3035,6380,904,2446,47.57,36.96,2131,3934,54.17
Chicago Bulls,2021-22,46,36,98.76,112.7,113.2,-0.5,0.579,3422,7127,872,2364,48.01,36.89,2550,4763,53.54
Chicago Bulls,2022-23,40,42,99.18,112.8,111.5,1.3,0.587,3488,7116,854,2367,49.02,36.08,2634,4749,55.46
Chicago Bulls,2023-24,39,43,96.94,114,115.7,-1.7,0.568,3448,7339,941,2630,46.98,35.78,2507,4709,53.24
Cleveland Cavaliers,2000-01,30,52,92.32,99.3,103.5,-4.2,0.509,2890,6532,220,659,44.24,33.38,2670,5873,45.46
Cleveland Cavaliers,2001-02,29,53,91.31,103.4,107,-3.6,0.524,2948,6582,387,1026,44.79,37.72,2561,5556,46.09
Cleveland Cavaliers,2002-03,17,65,95.32,95.2,105.1,-9.9,0.491,2850,6746,293,897,42.25,32.66,2557,5849,43.72
Cleveland Cavaliers,2003-04,35,47,91.71,100.6,103.1,-2.6,0.498,2922,6753,247,786,43.27,31.42,2675,5967,44.83
Cleveland Cavaliers,2004-05,42,40,90.72,105.3,104.7,0.6,0.518,2990,6687,300,904,44.71,33.19,2690,5783,46.52
Cleveland Cavaliers,2005-06,50,32,90.77,106.6,104.4,2.1,0.538,2908,6412,497,1465,45.35,33.92,2411,4947,48.74
Cleveland Cavaliers,2006-07,50,32,91.59,104.4,100.6,3.8,0.522,2978,6658,494,1404,44.73,35.19,2484,5254,47.28
Cleveland Cavaliers,2007-08,45,37,91.06,104.8,105.4,-0.6,0.52,2937,6697,552,1544,43.86,35.75,2385,5153,46.28
Cleveland Cavaliers,2008-09,66,16,89.61,111.2,101.6,9.6,0.56,3022,6454,656,1670,46.82,39.28,2366,4784,49.46
Cleveland Cavaliers,2009-10,61,21,91.77,110.6,103.8,6.8,0.57,3101,6391,602,1582,48.52,38.05,2499,4809,51.97
Cleveland Cavaliers,2010-11,19,63,93.76,101.5,110.9,-9.5,0.518,2886,6647,509,1489,43.42,34.18,2377,5158,46.08
Cleveland Cavaliers,2011-12,21,45,92.34,100,107.6,-7.6,0.505,2261,5360,440,1273,42.18,34.56,1821,4087,44.56
Cleveland Cavaliers,2012-13,24,58,93.25,103.2,108.2,-5,0.514,2993,6901,547,1581,43.37,34.6,2446,5320,45.98
Cleveland Cavaliers,2013-14,33,49,93.69,103.5,107,-3.6,0.518,3036,6955,584,1640,43.65,35.61,2452,5315,46.13
Cleveland Cavaliers,2014-15,53,29,93.23,110.1,105.3,4.8,0.557,3089,6739,826,2253,45.84,36.66,2263,4486,50.45
Cleveland Cavaliers,2015-16,57,25,93.82,110.2,103.9,6.3,0.558,3171,6888,880,2428,46.04,36.24,2291,4460,51.37
Cleveland Cavaliers,2016-17,51,31,96.74,112.8,109.7,3.1,0.58,3275,6963,1067,2779,47.03,38.4,2208,4184,52.77
Cleveland Cavaliers,2017-18,50,32,98.72,112,111.1,1,0.584,3311,6950,981,2636,47.64,37.22,2330,4314,54.01
Cleveland Cavaliers,2018-19,19,63,97.37,106.8,116.8,-10,0.54,3189,7184,847,2388,44.39,35.47,2342,4796,48.83
Cleveland Cavaliers,2019-20,19,46,99.17,106.9,114.8,-7.9,0.553,2619,5715,727,2070,45.83,35.12,1892,3645,51.91
Cleveland Cavaliers,2020-21,22,50,97.96,105.2,113.5,-8.3,0.543,2778,6175,720,2141,44.99,33.63,2058,4034,51.02
Cleveland Cavaliers,2021-22,44,38,96.83,111,108.9,2.1,0.571,3255,6940,953,2686,46.9,35.48,2302,4254,54.11
Cleveland Cavaliers,2022-23,51,31,96.27,115.5,109.9,5.6,0.59,3408,6984,950,2589,48.8,36.69,2458,4395,55.93
Cleveland Cavaliers,2023-24,48,34,97.62,114.7,112.1,2.5,0.586,3425,7148,1108,3016,47.92,36.74,2317,4132,56.07
Dallas Mavericks,2000-01,53,29,94.52,105.6,101.2,4.4,0.544,3085,6716,517,1357,45.94,38.1,2568,5359,47.92
Dallas Mavericks,2001-02,57,25,94.36,110.3,106,4.3,0.553,3200,6930,621,1645,46.18,37.75,2579,5285,48.8
Dallas Mavericks,2002-03,60,22,93.75,109.3,101,8.3,0.543,3161,6982,636,1668,45.27,38.13,2525,5314,47.52
Dallas Mavericks,2003-04,52,30,94.62,110.4,105.9,4.5,0.536,3322,7230,507,1456,45.95,34.82,2815,5774,48.75
Dallas Mavericks,2004-05,58,24,94.18,108.5,102.6,5.9,0.545,3058,6691,463,1273,45.7,36.37,2595,5418,47.9
Dallas Mavericks,2005-06,60,22,89.3,109.9,103.2,6.7,0.55,2948,6375,416,1113,46.24,37.38,2532,5262,48.12
Dallas Mavericks,2006-07,67,15,90.68,109.7,102.1,7.6,0.559,3010,6442,535,1404,46.72,38.11,2475,5038,49.13
Dallas Mavericks,2007-08,51,31,91.38,109.5,104.7,4.8,0.554,3025,6515,494,1403,46.43,35.21,2531,5112,49.51
Dallas Mavericks,2008-09,50,32,92.68,109,107,2,0.55,3128,6770,571,1632,46.2,34.99,2557,5138,49.77
Dallas Mavericks,2009-10,55,27,93.6,107.8,105,2.8,0.552,3140,6760,558,1498,46.45,37.25,2582,5262,49.07
Dallas Mavericks,2010-11,57,25,92.24,108.4,104.1,4.4,0.565,3069,6463,645,1768,47.49,36.48,2424,4695,51.63
Dallas Mavericks,2011-12,36,30,92.61,102.1,100.9,1.1,0.527,2398,5412,497,1464,44.31,33.95,1901,3948,48.15
Dallas Mavericks,2012-13,41,41,95.09,104.7,105.4,-0.6,0.544,3182,6892,606,1628,46.17,37.22,2576,5264,48.94
Dallas Mavericks,2013-14,49,33,94.94,109.5,107.2,2.3,0.564,3249,6858,721,1877,47.38,38.41,2528,4981,50.75
Dallas Mavericks,2014-15,50,32,96.4,108.2,104.9,3.2,0.55,3255,7036,732,2082,46.26,35.16,2523,4954,50.93
Dallas Mavericks,2015-16,42,40,95.34,105.5,105.9,-0.4,0.544,3064,6900,806,2342,44.41,34.42,2258,4558,49.54
Dallas Mavericks,2016-17,33,49,93.11,104.7,107.7,-3,0.541,2968,6750,878,2473,43.97,35.5,2090,4277,48.87
Dallas Mavericks,2017-18,24,58,96.53,105.4,108.4,-2.9,0.544,3128,7042,967,2688,44.42,35.97,2161,4354,49.63
Dallas Mavericks,2018-19,33,49,99.6,108.7,110.1,-1.5,0.555,3182,7122,1022,3002,44.68,34.04,2160,4120,52.43
Dallas Mavericks,2019-20,43,32,99.89,115.9,111.2,4.8,0.581,3124,6772,1136,3095,46.13,36.7,1988,3677,54.07
Dallas Mavericks,2020-21,42,30,97.94,114.6,112.3,2.3,0.582,2958,6287,994,2744,47.05,36.22,1964,3543,55.43
Dallas Mavericks,2021-22,52,30,95.64,112.5,109.1,3.5,0.572,3222,6982,1073,3063,46.15,35.03,2149,3919,54.84
Dallas Mavericks,2022-23,38,44,97.21,115.9,116.1,-0.2,0.599,3283,6909,1246,3362,47.52,37.06,2037,3547,57.43
Dallas Mavericks,2023-24,50,32,100.6,117,114.9,2.1,0.592,3535,7352,1197,3242,48.08,36.92,2338,4110,56.89
Denver Nuggets,2000-01,40,42,93.98,102.2,104.9,-2.8,0.511,2979,6877,512,1444,43.32,35.46,2467,5433,45.41
Denver Nuggets,2001-02,27,55,91.35,100.3,106.6,-6.3,0.495,2915,6870,423,1285,42.43,32.92,2492,5585,44.62
Denver Nuggets,2002-03,17,65,92.11,91.2,100.1,-8.9,0.469,2689,6544,229,824,41.09,27.79,2460,5720,43.01
Denver Nuggets,2003-04,43,39,94.64,102.4,101.4,1,0.517,2993,6763,331,985,44.26,33.6,2662,5778,46.07
Denver Nuggets,2004-05,49,33,94.68,104.7,102.6,2.2,0.535,3038,6615,320,940,45.93,34.04,2718,5675,47.89
Denver Nuggets,2005-06,44,38,94.9,104.4,104.1,0.3,0.535,3078,6672,350,1076,46.13,32.53,2728,5596,48.75
Denver Nuggets,2006-07,45,37,98.2,106.7,105.1,1.7,0.548,3164,6805,484,1440,46.5,33.61,2680,5365,49.95
Denver Nuggets,2007-08,50,32,100.58,108.9,105.5,3.4,0.557,3307,7038,569,1605,46.99,35.45,2738,5433,50.4
Denver Nuggets,2008-09,54,28,95.39,109,105.6,3.4,0.563,3058,6510,548,1477,46.97,37.1,2510,5033,49.87
Denver Nuggets,2009-10,53,29,95.61,110.8,106.5,4.4,0.561,3124,6678,544,1517,46.78,35.86,2580,5161,49.99
Denver Nuggets,2010-11,50,32,96.06,111.7,106.8,4.9,0.574,3145,6613,662,1704,47.56,38.85,2483,4909,50.58
Denver Nuggets,2011-12,38,28,95.03,108.3,105.1,3.2,0.556,2572,5404,435,1311,47.59,33.18,2137,4093,52.21
Denver Nuggets,2012-13,57,25,95.92,109.3,104.2,5.1,0.549,3339,6983,521,1518,47.82,34.32,2818,5465,51.56
Denver Nuggets,2013-14,36,46,98.95,105.1,107.3,-2.2,0.536,3147,7042,702,1959,44.69,35.83,2445,5083,48.1
Denver Nuggets,2014-15,30,52,96.87,103.9,107.1,-3.3,0.518,3099,7158,660,2032,43.29,32.48,2439,5126,47.58
Denver Nuggets,2015-16,33,49,96.34,104.9,108.2,-3.3,0.531,3093,7003,656,1943,44.17,33.76,2437,5060,48.16
Denver Nuggets,2016-17,40,42,99.18,112.2,111.7,0.4,0.568,3377,7194,870,2365,46.94,36.79,2507,4829,51.92
Denver Nuggets,2017-18,46,36,97.69,111.4,110,1.4,0.57,3338,7102,940,2536,47,37.07,2398,4566,52.52
Denver Nuggets,2018-19,54,28,98.49,112.1,108.1,4,0.558,3439,7384,903,2571,46.57,35.12,2536,4813,52.69
Denver Nuggets,2019-20,46,27,97.64,112.6,110.4,2.2,0.567,3069,6488,801,2234,47.3,35.85,2268,4254,53.31
Denver Nuggets,2020-21,47,25,97.74,116.3,111.5,4.8,0.588,3114,6422,927,2462,48.49,37.65,2187,3960,55.23
Denver Nuggets,2021-22,48,34,98.41,113.8,111.5,2.3,0.59,3416,7079,1039,2944,48.26,35.29,2377,4135,57.48
Denver Nuggets,2022-23,53,29,98.74,116.8,113.5,3.3,0.601,3574,7088,969,2559,50.42,37.87,2605,4529,57.52
Denver Nuggets,2023-24,57,25,97.43,117.8,112.3,5.5,0.589,3610,7279,958,2560,49.59,37.42,2652,4719,56.2
Detroit Pistons,2000-01,32,50,96.15,98.5,100.3,-1.8,0.498,2919,6880,389,1112,42.43,34.98,2530,5768,43.86
Detroit Pistons,2001-02,50,32,91.38,103.2,100.9,2.3,0.54,2845,6301,567,1509,45.15,37.57,2278,4792,47.54
Detroit Pistons,2002-03,50,32,88.26,102.4,98.2,4.2,0.523,2700,6277,533,1488,43.01,35.82,2167,4789,45.25
Detroit Pistons,2003-04,54,28,89.34,100.3,93.9,6.5,0.511,2747,6314,333,968,43.51,34.4,2414,5346,45.16
Detroit Pistons,2004-05,54,28,88.59,103.9,99.6,4.3,0.519,2851,6421,363,1053,44.4,34.47,2488,5368,46.35
Detroit Pistons,2005-06,64,18,87.98,109.3,101.7,7.6,0.535,2983,6558,557,1451,45.49,38.39,2426,5107,47.5
Detroit Pistons,2006-07,53,29,88.56,107.4,102.6,4.8,0.535,2942,6484,449,1305,45.37,34.41,2493,5179,48.14
Detroit Pistons,2007-08,59,23,88.54,109.8,101.5,8.3,0.539,2999,6551,487,1330,45.78,36.62,2512,5221,48.11
Detroit Pistons,2008-09,39,43,88.02,105.8,106.4,-0.6,0.524,2981,6559,377,1079,45.45,34.94,2604,5480,47.52
Detroit Pistons,2009-10,27,55,89.46,104.5,110.3,-5.9,0.515,2940,6602,374,1190,44.53,31.43,2566,5412,47.41
Detroit Pistons,2010-11,30,52,89.79,107,110.7,-3.7,0.533,3056,6647,472,1256,45.98,37.58,2584,5391,47.93
Detroit Pistons,2011-12,25,41,90.31,100,105,-5,0.51,2291,5232,317,916,43.79,34.61,1974,4316,45.74
Detroit Pistons,2012-13,29,53,91.68,102.7,107.2,-4.5,0.521,2979,6638,513,1440,44.88,35.63,2466,5198,47.44
Detroit Pistons,2013-14,29,53,95.57,105.2,109,-3.7,0.514,3182,7124,507,1580,44.67,32.09,2675,5544,48.25
Detroit Pistons,2014-15,32,50,93.68,104.3,105.4,-1.1,0.515,3041,7038,703,2043,43.21,34.41,2338,4995,46.81
Detroit Pistons,2015-16,44,38,95.75,105.3,104.9,0.3,0.522,3111,7087,740,2148,43.9,34.45,2371,4939,48.01
Detroit Pistons,2016-17,37,45,95.52,105.3,106.7,-1.4,0.521,3269,7282,631,1915,44.89,32.95,2638,5367,49.15
Detroit Pistons,2017-18,39,43,96.75,106.6,106.7,-0.1,0.543,3208,7129,886,2373,45,37.34,2322,4756,48.82
Detroit Pistons,2018-19,41,41,97.88,108.4,108.7,-0.3,0.544,3185,7238,993,2854,44,34.79,2192,4384,50
Detroit Pistons,2019-20,20,46,97.86,108.8,112.3,-3.5,0.561,2595,5658,791,2157,45.86,36.67,1804,3501,51.53
Detroit Pistons,2020-21,20,52,98.19,107.6,112.2,-4.5,0.556,2783,6162,832,2370,45.16,35.11,1951,3792,51.45
Detroit Pistons,2021-22,23,59,98.81,105.6,113.3,-7.7,0.533,3129,7267,925,2838,43.06,32.59,2204,4429,49.76
Detroit Pistons,2022-23,17,65,99.88,109.9,117.8,-7.9,0.561,3244,7140,934,2659,45.43,35.13,2310,4481,51.55
Detroit Pistons,2023-24,14,68,100.45,109,118,-9,0.562,3353,7236,906,2602,46.34,34.82,2447,4634,52.81
Golden State Warriors,2000-01,17,65,95.7,96.3,105.5,-9.2,0.47,2937,7175,282,964,40.93,29.25,2655,6211,42.75
Golden State Warriors,2001-02,21,61,95.75,101.5,107.1,-5.6,0.499,2998,6989,320,994,42.9,32.19,2678,5995,44.67
Golden State Warriors,2002-03,38,44,95.88,106.4,107.7,-1.3,0.526,3061,6941,425,1235,44.1,34.41,2636,5706,46.2
Golden State Warriors,2003-04,37,45,90.95,101.5,102.6,-1.1,0.517,2875,6511,429,1283,44.16,33.44,2446,5228,46.79
Golden State Warriors,2004-05,34,48,94.45,103.4,105.5,-2.2,0.512,3029,7039,624,1774,43.03,35.17,2405,5265,45.68
Golden State Warriors,2005-06,34,48,94.43,103.5,104.9,-1.4,0.521,2939,6785,625,1832,43.32,34.12,2314,4953,46.72
Golden State Warriors,2006-07,42,40,99.97,106.2,106.5,-0.3,0.548,3261,7048,700,1966,46.27,35.61,2561,5082,50.39
Golden State Warriors,2007-08,48,34,99.96,110.4,108.5,1.9,0.548,3403,7406,761,2185,45.95,34.83,2642,5221,50.6
Golden State Warriors,2008-09,29,53,99.57,108,111.7,-3.7,0.549,3231,7055,550,1475,45.8,37.29,2681,5580,48.05
Golden State Warriors,2009-10,26,56,101.52,107,110.3,-3.3,0.557,3329,7094,633,1687,46.93,37.52,2696,5407,49.86
Golden State Warriors,2010-11,36,46,95.85,107.1,109.4,-2.3,0.544,3251,7047,685,1749,46.13,39.17,2566,5298,48.43
Golden State Warriors,2011-12,23,43,93.78,103.9,107.3,-3.4,0.539,2489,5443,524,1351,45.73,38.79,1965,4092,48.02
Golden State Warriors,2012-13,47,35,95.64,105.1,104.2,0.9,0.545,3130,6840,658,1632,45.76,40.32,2472,5208,47.47
Golden State Warriors,2013-14,51,31,97.37,106.3,101.4,4.9,0.55,3236,7005,774,2037,46.2,38,2462,4968,49.56
Golden State Warriors,2014-15,67,15,99.28,110.4,100.4,9.9,0.571,3410,7137,883,2217,47.78,39.83,2527,4920,51.36
Golden State Warriors,2015-16,73,9,100.24,113.5,102.8,10.6,0.593,3489,7159,1077,2592,48.74,41.55,2412,4567,52.81
Golden State Warriors,2016-17,67,15,100.37,114.8,103.4,11.4,0.597,3532,7140,982,2562,49.47,38.33,2550,4578,55.7
Golden State Warriors,2017-18,58,24,100.35,112.8,106.8,5.9,0.603,3509,6979,926,2369,50.28,39.09,2583,4610,56.03
Golden State Warriors,2018-19,57,25,101.74,115,108.6,6.5,0.596,3612,7361,1087,2824,49.07,38.49,2525,4537,55.65
Golden State Warriors,2019-20,15,50,101.04,104.4,113,-8.6,0.54,2510,5730,678,2032,43.8,33.37,1832,3698,49.54
Golden State Warriors,2020-21,39,33,102.81,110.5,109.4,1.1,0.583,2973,6347,1048,2789,46.84,37.58,1925,3558,54.1
Golden State Warriors,2021-22,53,29,98.74,112.1,106.6,5.5,0.582,3323,7087,1176,3231,46.89,36.4,2147,3856,55.68
Golden State Warriors,2022-23,44,38,102.54,115.1,113.4,1.7,0.6,3538,7393,1363,3540,47.86,38.5,2175,3853,56.45
Golden State Warriors,2023-24,46,36,99.91,116.9,114.5,2.4,0.586,3582,7515,1211,3191,47.66,37.95,2371,4324,54.83
Houston Rockets,2000-01,45,37,91.66,105.2,102.8,2.4,0.538,2943,6494,504,1412,45.32,35.69,2439,5082,47.99
Houston Rockets,2001-02,28,54,89.56,101.6,106.9,-5.4,0.507,2837,6629,496,1480,42.8,33.51,2341,5149,45.47
Houston Rockets,2002-03,43,39,90.36,102.4,100.9,1.5,0.522,2840,6461,439,1267,43.96,34.65,2401,5194,46.23
Houston Rockets,2003-04,45,37,88.92,99.7,97.8,1.9,0.528,2738,6195,515,1406,44.2,36.63,2223,4789,46.42
Houston Rockets,2004-05,51,31,90.18,104.4,100.1,4.3,0.534,2846,6419,553,1521,44.34,36.36,2293,4898,46.82
Houston Rockets,2005-06,34,48,89.07,100.4,102.1,-1.7,0.519,2708,6252,469,1414,43.31,33.17,2239,4838,46.28
Houston Rockets,2006-07,52,30,91.7,104.7,99.7,4.9,0.54,2906,6528,705,1893,44.52,37.24,2201,4635,47.49
Houston Rockets,2007-08,55,27,91.42,105.4,100.5,4.8,0.528,3003,6698,583,1707,44.83,34.15,2420,4991,48.49
Houston Rockets,2008-09,53,29,91.23,107.1,102.9,4.2,0.548,2959,6526,621,1656,45.34,37.5,2338,4870,48.01
Houston Rockets,2009-10,42,40,94.91,106.8,106.8,0,0.537,3094,6923,646,1838,44.69,35.15,2448,5085,48.14
Houston Rockets,2010-11,43,39,95.14,110.2,107.9,2.3,0.55,3170,6975,677,1843,45.45,36.73,2493,5132,48.58
Houston Rockets,2011-12,34,32,92.82,104.2,104,0.2,0.529,2489,5543,478,1330,44.9,35.94,2011,4213,47.73
Houston Rockets,2012-13,45,37,96.89,108.8,105.3,3.5,0.564,3124,6782,867,2369,46.06,36.6,2257,4413,51.14
Houston Rockets,2013-14,54,28,97.27,109.8,105.2,4.6,0.571,3118,6603,779,2179,47.22,35.75,2339,4424,52.87
Houston Rockets,2014-15,56,26,97.36,106,102.6,3.4,0.548,3032,6832,933,2680,44.38,34.81,2099,4152,50.55
Houston Rockets,2015-16,41,41,98.42,107.3,107.3,0,0.553,3094,6847,878,2533,45.19,34.66,2216,4314,51.37
Houston Rockets,2016-17,55,27,100.55,114.1,108.4,5.7,0.583,3305,7152,1181,3306,46.21,35.72,2124,3846,55.23
Houston Rockets,2017-18,65,17,98.02,114.1,105.7,8.4,0.59,3174,6906,1256,3470,45.96,36.2,1918,3436,55.82
Houston Rockets,2018-19,53,29,98.39,114.9,110.1,4.8,0.581,3218,7163,1323,3721,44.93,35.55,1895,3442,55.06
Houston Rockets,2019-20,44,28,104.04,112.5,109.8,2.7,0.578,2936,6512,1126,3261,45.09,34.53,1810,3251,55.68
Houston Rockets,2020-21,17,55,101.69,107,114.4,-7.4,0.553,2826,6372,992,2923,44.35,33.94,1834,3449,53.17
Houston Rockets,2021-22,20,62,101.16,108.1,116.4,-8.3,0.565,3229,7083,1105,3170,45.59,34.86,2124,3913,54.28
Houston Rockets,2022-23,22,60,99.74,110.5,118.6,-8.1,0.554,3329,7287,856,2619,45.68,32.68,2473,4668,52.98
Houston Rockets,2023-24,41,41,99.59,113.7,112.8,0.9,0.565,3425,7459,1043,2964,45.92,35.19,2382,4495,52.99
Indiana Pacers,2000-01,41,41,90.89,100.3,100.5,-0.2,0.519,2828,6431,396,1159,43.97,34.17,2432,5272,46.13
Indiana Pacers,2001-02,42,40,93.13,102.8,102.4,0.4,0.527,2935,6580,405,1195,44.6,33.89,2530,5385,46.98
Indiana Pacers,2002-03,48,34,92.71,103.2,99.6,3.5,0.522,2911,6608,379,1119,44.05,33.87,2532,5489,46.13
Indiana Pacers,2003-04,61,21,88.54,102.5,96.2,6.3,0.52,2753,6322,449,1281,43.55,35.05,2304,5041,45.71
Indiana Pacers,2004-05,44,38,88.71,103.7,102.7,1,0.534,2668,6169,542,1575,43.25,34.41,2126,4594,46.28
Indiana Pacers,2005-06,41,41,90.85,103.1,101,2,0.533,2786,6274,536,1536,44.41,34.9,2250,4738,47.49
Indiana Pacers,2006-07,35,47,93.43,101.9,104.4,-2.5,0.523,2872,6561,481,1389,43.77,34.63,2391,5172,46.23
Indiana Pacers,2007-08,36,46,98.64,105.1,106.3,-1.2,0.54,3102,6993,755,2021,44.36,37.36,2347,4972,47.2
Indiana Pacers,2008-09,36,46,97.34,107.2,108.2,-1,0.545,3220,7080,652,1725,45.48,37.8,2568,5355,47.96
Indiana Pacers,2009-10,32,50,97.77,103,106,-3,0.536,3020,6823,659,1896,44.26,34.76,2361,4927,47.92
Indiana Pacers,2010-11,37,45,95.5,104.1,105,-0.9,0.533,3003,6787,585,1653,44.25,35.39,2418,5134,47.1
Indiana Pacers,2011-12,42,24,91.68,105.5,102.1,3.3,0.526,2354,5375,392,1064,43.8,36.84,1962,4311,45.51
Indiana Pacers,2012-13,49,32,90.9,103.4,99,4.4,0.521,2845,6525,555,1599,43.6,34.71,2290,4926,46.49
Indiana Pacers,2013-14,56,26,92.89,103.6,98.9,4.7,0.535,2949,6573,550,1542,44.87,35.67,2399,5031,47.68
Indiana Pacers,2014-15,38,44,93.67,102.9,102.7,0.2,0.523,2998,6824,612,1740,43.93,35.17,2386,5084,46.93
Indiana Pacers,2015-16,45,37,97.35,103.8,102.2,1.6,0.536,3142,6985,663,1889,44.98,35.1,2479,5096,48.65
Indiana Pacers,2016-17,42,40,96.59,107.9,108.1,-0.2,0.558,3221,6931,709,1885,46.47,37.61,2512,5046,49.78
Indiana Pacers,2017-18,48,34,96.84,108.5,107.3,1.3,0.557,3345,7083,741,2010,47.23,36.87,2604,5073,51.33
Indiana Pacers,2018-19,48,34,98.64,109.4,106,3.4,0.561,3390,7135,779,2081,47.51,37.43,2611,5054,51.66
Indiana Pacers,2019-20,45,28,99.41,109.5,107.5,1.9,0.565,3075,6457,743,2046,47.62,36.31,2332,4411,52.87
Indiana Pacers,2020-21,34,38,102.05,111.9,111.9,0.1,0.575,3115,6567,889,2445,47.43,36.36,2226,4122,54
Indiana Pacers,2021-22,25,57,98.55,111.9,115.5,-3.6,0.564,3398,7338,997,2899,46.31,34.39,2401,4439,54.09
Indiana Pacers,2022-23,35,47,101.68,113.8,117.1,-3.3,0.581,3444,7345,1112,3030,46.89,36.7,2332,4315,54.04
Indiana Pacers,2023-24,47,35,102.16,120.5,117.6,2.9,0.606,3855,7599,1082,2891,50.73,37.43,2773,4708,58.9
Los Angeles Clippers,2000-01,31,51,90.67,100.3,103.2,-2.9,0.514,2896,6467,360,1063,44.78,33.87,2536,5404,46.93
Los Angeles Clippers,2001-02,39,43,91.21,104.3,104.7,-0.4,0.519,2970,6668,408,1147,44.54,35.57,2562,5521,46.4
Los Angeles Clippers,2002-03,27,55,92.68,101.1,105.1,-4,0.516,2835,6490,390,1178,43.68,33.11,2445,5312,46.03
Los Angeles Clippers,2003-04,28,54,92.49,101.9,106.6,-4.7,0.512,2817,6579,329,1024,42.82,32.13,2488,5555,44.79
Los Angeles Clippers,2004-05,37,45,90.66,103.8,104.5,-0.8,0.533,2924,6368,231,669,45.92,34.53,2693,5699,47.25
Los Angeles Clippers,2005-06,47,35,92.99,103.8,102.2,1.6,0.54,2993,6443,290,843,46.45,34.4,2703,5600,48.27
Los Angeles Clippers,2006-07,40,42,91.92,103.8,104.2,-0.4,0.537,2880,6318,314,903,45.58,34.77,2566,5415,47.39
Los Angeles Clippers,2007-08,23,59,93.38,99.9,107.4,-7.5,0.519,2820,6445,350,1079,43.75,32.44,2470,5366,46.03
Los Angeles Clippers,2008-09,19,63,93.3,101,110.1,-9.2,0.52,2955,6696,535,1513,44.13,35.36,2420,5183,46.69
Los Angeles Clippers,2009-10,29,53,93.44,102.3,109.1,-6.8,0.529,3002,6601,483,1457,45.48,33.15,2519,5144,48.97
Los Angeles Clippers,2010-11,32,50,93.35,104.8,108,-3.2,0.535,3015,6594,513,1519,45.72,33.77,2502,5075,49.3
Los Angeles Clippers,2011-12,40,26,89.98,107.5,104.8,2.7,0.533,2439,5366,514,1441,45.45,35.67,1925,3925,49.04
Los Angeles Clippers,2012-13,56,26,91.83,109.8,102.8,6.9,0.557,3160,6608,627,1752,47.82,35.79,2533,4856,52.16
Los Angeles Clippers,2013-14,57,25,96.66,111.3,104,7.3,0.567,3208,6761,693,1966,47.45,35.25,2515,4795,52.45
Los Angeles Clippers,2014-15,56,26,95.4,111.6,104.7,6.9,0.565,3228,6830,827,2202,47.26,37.56,2401,4628,51.88
Los Angeles Clippers,2015-16,53,29,96.81,107.2,102.7,4.5,0.556,3141,6759,797,2190,46.47,36.39,2344,4569,51.3
Los Angeles Clippers,2016-17,51,31,96.77,111.8,107.5,4.4,0.574,3242,6820,841,2245,47.54,37.46,2401,4575,52.48
Los Angeles Clippers,2017-18,42,40,99.54,109.4,109.2,0.2,0.564,3302,7004,777,2196,47.14,35.38,2525,4808,52.52
Los Angeles Clippers,2018-19,48,34,102.66,111.4,110.4,1,0.575,3384,7178,821,2118,47.14,38.76,2563,5060,50.65
Los Angeles Clippers,2019-20,49,23,102.16,113.3,106.9,6.3,0.577,2992,6425,895,2410,46.57,37.14,2097,4015,52.23
Los Angeles Clippers,2020-21,47,25,97.63,116.7,110.6,6.1,0.599,3009,6242,1027,2498,48.21,41.11,1982,3744,52.94
Los Angeles Clippers,2021-22,42,40,98.51,109.5,109.5,0,0.564,3285,7170,1047,2802,45.82,37.37,2238,4368,51.24
Los Angeles Clippers,2022-23,44,38,98.84,114,113.6,0.5,0.588,3370,7060,1041,2734,47.73,38.08,2329,4326,53.84
Los Angeles Clippers,2023-24,51,31,97.93,117.9,114.6,3.4,0.599,3473,7108,1036,2719,48.86,38.1,2437,4389,55.53
Los Angeles Lakers,2000-01,56,26,92.9,107,103.6,3.5,0.535,3109,6685,439,1275,46.51,34.43,2670,5410,49.35
Los Angeles Lakers,2001-02,58,24,93.32,108,100.4,7.6,0.534,3150,6840,510,1439,46.05,35.44,2640,5401,48.88
Los Angeles Lakers,2002-03,50,32,93.78,105.6,103.4,2.2,0.528,3091,6856,486,1367,45.08,35.55,2605,5489,47.46
Los Angeles Lakers,2003-04,56,26,93.39,104.2,100.1,4.1,0.522,3028,6676,365,1115,45.36,32.74,2663,5561,47.89
Los Angeles Lakers,2004-05,34,48,92.34,106.4,109.6,-3.2,0.535,2895,6629,644,1813,43.67,35.52,2251,4816,46.74
Los Angeles Lakers,2005-06,45,37,92.22,106.8,104.2,2.6,0.539,2992,6607,552,1583,45.29,34.87,2440,5024,48.57
Los Angeles Lakers,2006-07,42,40,94.58,107.3,107.5,-0.2,0.554,3103,6664,608,1724,46.56,35.27,2495,4940,50.51
Los Angeles Lakers,2007-08,57,25,96.7,111.7,104.3,7.3,0.57,3248,6818,662,1751,47.64,37.81,2586,5067,51.04
Los Angeles Lakers,2008-09,65,17,95.49,111.4,103.5,7.9,0.555,3307,6981,547,1516,47.37,36.08,2760,5465,50.5
Los Angeles Lakers,2009-10,57,25,93.73,107.6,102.7,4.9,0.538,3144,6875,532,1562,45.73,34.06,2612,5313,49.16
Los Angeles Lakers,2010-11,57,25,91.78,109.6,103.3,6.3,0.545,3128,6757,524,1487,46.29,35.24,2604,5270,49.41
Los Angeles Lakers,2011-12,41,25,91.72,104.5,103.2,1.3,0.534,2429,5319,362,1112,45.67,32.55,2067,4207,49.13
Los Angeles Lakers,2012-13,45,37,95.08,107,105.9,1.1,0.548,3041,6640,715,2015,45.8,35.48,2326,4625,50.29
Los Angeles Lakers,2013-14,27,55,99.72,103.2,109.3,-6,0.542,3139,6980,774,2032,44.97,38.09,2365,4948,47.8
Los Angeles Lakers,2014-15,21,61,95.03,102.3,109.4,-7.1,0.513,3054,7020,532,1546,43.5,34.41,2522,5474,46.07
Los Angeles Lakers,2015-16,17,65,96.55,100.7,110.3,-9.7,0.509,2880,6956,639,2016,41.4,31.7,2241,4940,45.36
Los Angeles Lakers,2016-17,26,56,99.26,105.3,112,-6.7,0.537,3224,7164,730,2110,45,34.6,2494,5054,49.35
Los Angeles Lakers,2017-18,35,47,100.9,106,107.3,-1.3,0.548,3338,7248,822,2384,46.05,34.48,2516,4864,51.73
Los Angeles Lakers,2018-19,37,45,103.6,107.4,108.9,-1.6,0.554,3491,7425,847,2541,47.02,33.33,2644,4884,54.14
Los Angeles Lakers,2019-20,52,19,101.2,111.7,106.1,5.6,0.573,3006,6269,782,2242,47.95,34.88,2224,4027,55.23
Los Angeles Lakers,2020-21,42,30,98.85,109.8,106.8,2.9,0.569,2925,6197,796,2248,47.2,35.41,2129,3949,53.91
Los Angeles Lakers,2021-22,33,49,100.47,110,112.8,-2.9,0.567,3415,7279,982,2826,46.92,34.75,2433,4453,54.64
Los Angeles Lakers,2022-23,43,39,101.92,113.9,113.2,0.7,0.582,3516,7298,885,2558,48.18,34.6,2631,4740,55.51
Los Angeles Lakers,2023-24,47,35,101.38,115.4,114.8,0.6,0.601,3580,7177,969,2572,49.88,37.67,2611,4605,56.7
Memphis Grizzlies,2000-01,23,59,93.03,98.2,104.2,-6,0.51,2870,6539,325,947,43.89,34.32,2545,5592,45.51
Memphis Grizzlies,2001-02,23,59,92.55,96.6,104.7,-8,0.501,2851,6535,336,1096,43.63,30.66,2515,5439,46.24
Memphis Grizzlies,2002-03,28,54,94.03,102.3,105.9,-3.5,0.526,3049,6743,467,1279,45.22,36.51,2582,5464,47.25
Memphis Grizzlies,2003-04,50,32,92.6,103.4,100.8,2.6,0.522,2963,6657,447,1314,44.51,34.02,2516,5343,47.09
Memphis Grizzlies,2004-05,45,37,89.65,104.2,101.5,2.7,0.535,2802,6271,531,1486,44.68,35.73,2271,4785,47.46
Memphis Grizzlies,2005-06,49,33,87.39,104.5,100.4,4.1,0.537,2746,6125,590,1578,44.83,37.39,2156,4547,47.42
Memphis Grizzlies,2006-07,22,60,94.77,105.7,110.9,-5.2,0.555,2998,6448,500,1362,46.5,36.71,2498,5086,49.12
Memphis Grizzlies,2007-08,22,60,96.33,103.9,110.2,-6.3,0.539,3060,6737,620,1779,45.42,34.85,2440,4958,49.21
Memphis Grizzlies,2008-09,24,58,91.22,102.3,108.2,-6,0.533,2865,6311,398,1106,45.4,35.99,2467,5205,47.4
Memphis Grizzlies,2009-10,40,42,94.29,107.5,109,-1.5,0.536,3223,6875,344,1020,46.88,33.73,2879,5855,49.17
Memphis Grizzlies,2010-11,46,36,92.42,107,104.5,2.5,0.534,3200,6801,309,926,47.05,33.37,2891,5875,49.21
Memphis Grizzlies,2011-12,41,25,91.82,102.8,100.6,2.2,0.515,2425,5422,277,849,44.73,32.63,2148,4573,46.97
Memphis Grizzlies,2012-13,56,26,89.56,103.6,99.1,4.5,0.514,2964,6679,382,1107,44.38,34.51,2582,5572,46.34
Memphis Grizzlies,2013-14,50,32,90.58,105.5,103.8,1.7,0.529,3122,6723,405,1147,46.44,35.31,2717,5576,48.73
Memphis Grizzlies,2014-15,55,27,92.82,104.8,101.2,3.5,0.531,3097,6763,423,1246,45.79,33.95,2674,5517,48.47
Memphis Grizzlies,2015-16,42,40,93.95,104.7,107.1,-2.4,0.524,3019,6859,504,1521,44.02,33.14,2515,5338,47.12
Memphis Grizzlies,2016-17,43,39,92.84,107,106.5,0.5,0.535,2984,6854,767,2169,43.54,35.36,2217,4685,47.32
Memphis Grizzlies,2017-18,22,60,95.65,103.6,110.4,-6.8,0.539,3013,6788,758,2152,44.39,35.22,2255,4636,48.64
Memphis Grizzlies,2018-19,33,49,97.15,105.6,108,-2.4,0.548,3113,6924,811,2368,44.96,34.25,2302,4556,50.53
Memphis Grizzlies,2019-20,34,39,103.31,108.7,109.7,-1,0.561,3106,6634,798,2297,46.82,34.74,2308,4337,53.22
Memphis Grizzlies,2020-21,38,34,100.77,111.7,110.5,1.2,0.56,3085,6608,803,2258,46.69,35.56,2282,4350,52.46
Memphis Grizzlies,2021-22,56,26,100.52,114.3,108.9,5.3,0.553,3571,7739,945,2679,46.14,35.27,2626,5060,51.9
Memphis Grizzlies,2022-23,51,31,101.5,114.7,110.7,4,0.57,3585,7551,985,2807,47.48,35.09,2600,4744,54.81
Memphis Grizzlies,2023-24,27,55,98.68,106.8,113.7,-6.9,0.543,3145,7229,1071,3097,43.51,34.58,2074,4132,50.19
Miami Heat,2000-01,50,32,88.39,99.4,97.1,2.3,0.515,2694,6258,478,1384,43.05,34.54,2216,4874,45.47
Miami Heat,2001-02,36,46,88.47,97.3,99,-1.7,0.501,2801,6382,312,899,43.89,34.71,2489,5483,45.39
Miami Heat,2002-03,25,57,88.93,95.4,101.2,-5.8,0.483,2688,6517,348,1100,41.25,31.64,2340,5417,43.2
Miami Heat,2003-04,42,40,89.3,100.6,100.3,0.3,0.51,2729,6417,485,1357,42.53,35.74,2244,5060,44.35
Miami Heat,2004-05,59,23,91.73,108.9,102.2,6.7,0.559,3097,6368,475,1260,48.63,37.7,2622,5108,51.33
Miami Heat,2005-06,52,30,92.56,107.5,103.4,4.1,0.556,3039,6355,497,1441,47.82,34.49,2542,4914,51.73
Miami Heat,2006-07,44,38,90.61,103.4,104.6,-1.2,0.541,2919,6288,528,1539,46.42,34.31,2391,4749,50.35
Miami Heat,2007-08,15,67,91.24,99.4,108.8,-9.4,0.522,2808,6336,491,1373,44.32,35.76,2317,4963,46.69
Miami Heat,2008-09,43,39,90.8,106.8,106.5,0.3,0.54,3034,6646,582,1631,45.65,35.68,2452,5015,48.89
Miami Heat,2009-10,47,35,90.3,105.7,103.4,2.4,0.537,2984,6518,494,1426,45.78,34.64,2490,5092,48.9
Miami Heat,2010-11,58,24,91.63,110.6,102.9,7.8,0.573,3031,6301,547,1479,48.1,36.98,2484,4822,51.51
Miami Heat,2011-12,46,20,92.07,105.6,99.2,6.4,0.549,2446,5212,370,1030,46.93,35.92,2076,4182,49.64
Miami Heat,2012-13,66,16,91.26,111.4,103.2,8.2,0.588,3148,6348,717,1809,49.59,39.64,2431,4539,53.56
Miami Heat,2013-14,54,28,91.9,110,105,5.1,0.59,3142,6272,665,1829,50.1,36.36,2477,4443,55.75
Miami Heat,2014-15,37,45,91.49,103.2,106.1,-3,0.54,2885,6330,556,1659,45.58,33.51,2329,4671,49.86
Miami Heat,2015-16,48,34,94.14,105.5,103.7,1.7,0.545,3150,6697,498,1480,47.04,33.65,2652,5217,50.83
Miami Heat,2016-17,41,41,95.51,107.4,106.4,1,0.541,3202,7037,808,2213,45.5,36.51,2394,4824,49.63
Miami Heat,2017-18,44,38,96.1,106.2,105.8,0.4,0.551,3184,6997,903,2506,45.51,36.03,2281,4491,50.79
Miami Heat,2018-19,39,43,98.73,106.7,107.1,-0.4,0.542,3251,7218,928,2658,45.04,34.91,2323,4560,50.94
Miami Heat,2019-20,44,29,98.7,111.9,109.3,2.7,0.587,2880,6160,979,2584,46.75,37.89,1901,3576,53.16
Miami Heat,2020-21,40,32,97.09,110.6,110.7,-0.1,0.581,2824,6029,932,2606,46.84,35.76,1892,3423,55.27
Miami Heat,2021-22,53,29,96.53,113,108.4,4.5,0.584,3246,6954,1114,2936,46.68,37.94,2132,4018,53.06
Miami Heat,2022-23,44,38,96.76,112.3,112.8,-0.5,0.574,3215,6991,980,2852,45.99,34.36,2235,4139,54
Miami Heat,2023-24,46,36,96.88,113.3,111.5,1.8,0.578,3266,7022,1022,2765,46.51,36.96,2244,4257,52.71
Milwaukee Bucks,2000-01,52,30,93.89,106.8,102.6,4.2,0.542,3112,6798,562,1481,45.78,37.95,2550,5317,47.96
Milwaukee Bucks,2001-02,41,41,91.51,105.3,105.6,-0.3,0.544,3041,6577,593,1583,46.24,37.46,2448,4994,49.02
Milwaukee Bucks,2002-03,42,40,91.76,107.2,106.9,0.3,0.543,3045,6670,585,1526,45.65,38.34,2460,5144,47.82
Milwaukee Bucks,2003-04,41,41,93.2,104.6,103.5,1.1,0.528,2970,6650,401,1145,44.66,35.02,2569,5505,46.67
Milwaukee Bucks,2004-05,30,52,92.14,105.1,108.1,-3,0.527,2964,6580,325,925,45.05,35.14,2639,5655,46.67
Milwaukee Bucks,2005-06,40,42,92.45,104.9,105.9,-1,0.535,2976,6566,507,1335,45.32,37.98,2469,5231,47.2
Milwaukee Bucks,2006-07,28,54,93.33,106,110.3,-4.3,0.541,3121,6714,524,1472,46.48,35.6,2597,5242,49.54
Milwaukee Bucks,2007-08,26,56,92.61,103.9,111.1,-7.2,0.522,3026,6745,452,1313,44.86,34.42,2574,5432,47.39
Milwaukee Bucks,2008-09,34,48,93.89,105.2,106.3,-1.1,0.531,3009,6755,511,1408,44.54,36.29,2498,5347,46.72
Milwaukee Bucks,2009-10,46,36,92.6,104,101.9,2.1,0.518,3050,6998,645,1813,43.58,35.58,2405,5185,46.38
Milwaukee Bucks,2010-11,35,47,90.57,100.8,101.5,-0.8,0.511,2814,6544,483,1414,43,34.16,2331,5130,45.44
Milwaukee Bucks,2011-12,31,35,94.68,104.5,104.1,0.4,0.521,2502,5652,436,1265,44.27,34.47,2066,4387,47.09
Milwaukee Bucks,2012-13,38,44,95.65,102.5,104.2,-1.7,0.51,3128,7197,601,1670,43.46,35.99,2527,5527,45.72
Milwaukee Bucks,2013-14,15,67,92.96,101.9,110.2,-8.3,0.519,2952,6737,548,1553,43.82,35.29,2404,5184,46.37
Milwaukee Bucks,2014-15,41,41,94.82,102,101.4,0.6,0.536,3083,6722,545,1500,45.86,36.33,2538,5222,48.6
Milwaukee Bucks,2015-16,33,49,95.05,103.4,107.8,-4.5,0.537,3145,6740,440,1277,46.66,34.46,2705,5463,49.51
Milwaukee Bucks,2016-17,42,40,94.99,108.5,108.7,-0.2,0.565,3182,6715,720,1946,47.39,37,2462,4769,51.63
Milwaukee Bucks,2017-18,44,38,97.03,109,109.1,-0.2,0.571,3257,6807,718,2024,47.85,35.47,2539,4783,53.08
Milwaukee Bucks,2018-19,60,22,103.57,113.5,104.9,8.6,0.583,3555,7471,1105,3134,47.58,35.26,2450,4337,56.49
Milwaukee Bucks,2019-20,56,17,105.51,111.9,102.5,9.4,0.583,3160,6638,1007,2840,47.6,35.46,2153,3798,56.69
Milwaukee Bucks,2020-21,46,26,102.85,116.5,110.7,5.8,0.593,3221,6610,1038,2669,48.73,38.89,2183,3941,55.39
Milwaukee Bucks,2021-22,51,31,100.59,114.3,111.1,3.2,0.58,3429,7331,1153,3151,46.77,36.59,2276,4180,54.45
Milwaukee Bucks,2022-23,58,24,101.45,114.3,110.9,3.4,0.583,3504,7411,1217,3306,47.28,36.81,2287,4105,55.71
Milwaukee Bucks,2023-24,49,33,100.51,117.6,115,2.6,0.601,3538,7258,1163,3122,48.75,37.25,2375,4136,57.42
Minnesota Timberwolves,2000-01,47,35,92.99,103.9,102.4,1.6,0.523,3148,6871,322,901,45.82,35.74,2826,5970,47.34
Minnesota Timberwolves,2001-02,50,32,91.72,107.5,104.1,3.4,0.532,3175,6887,396,1047,46.1,37.82,2779,5840,47.59
Minnesota Timberwolves,2002-03,51,31,93.08,104.8,102.5,2.2,0.528,3172,6809,296,804,46.59,36.82,2876,6005,47.89
Minnesota Timberwolves,2003-04,58,24,90.24,104.2,98.5,5.7,0.528,3033,6571,326,897,46.16,36.34,2707,5674,47.71
Minnesota Timberwolves,2004-05,44,38,90.39,106.6,105,1.6,0.534,3045,6629,395,1145,45.93,34.5,2650,5484,48.32
Minnesota Timberwolves,2005-06,33,49,89.58,101.5,103.5,-2,0.524,2888,6340,310,942,45.55,32.91,2578,5398,47.76
Minnesota Timberwolves,2006-07,32,50,92.19,102.4,106.5,-4,0.537,2997,6502,384,1089,46.09,35.26,2613,5413,48.27
Minnesota Timberwolves,2007-08,22,60,92.84,102.7,110,-7.3,0.518,3076,6817,441,1259,45.12,35.03,2635,5558,47.41
Minnesota Timberwolves,2008-09,24,58,92.76,104.9,109.9,-5,0.526,2986,6766,543,1539,44.13,35.28,2443,5227,46.74
Minnesota Timberwolves,2009-10,15,67,97.12,100.6,110.4,-9.8,0.518,3106,6923,403,1181,44.86,34.12,2703,5742,47.07
Minnesota Timberwolves,2010-11,17,65,97.49,103.2,109.9,-6.7,0.526,3090,7014,589,1565,44.05,37.64,2501,5449,45.9
Minnesota Timberwolves,2011-12,26,40,94.44,103.1,105.3,-2.2,0.524,2355,5434,473,1423,43.34,33.24,1882,4011,46.92
Minnesota Timberwolves,2012-13,31,51,93.94,101.8,104,-2.2,0.516,2943,6702,450,1475,43.91,30.51,2493,5227,47.69
Minnesota Timberwolves,2013-14,40,42,98.33,107.7,105.2,2.6,0.535,3189,7175,600,1757,44.45,34.15,2589,5418,47.79
Minnesota Timberwolves,2014-15,16,66,95.45,101.8,110.9,-9.1,0.517,2986,6820,406,1223,43.78,33.2,2580,5597,46.1
Minnesota Timberwolves,2015-16,29,53,96.2,105.4,109,-3.5,0.549,3095,6668,455,1347,46.42,33.78,2640,5321,49.61
Minnesota Timberwolves,2016-17,31,51,95.48,110,110.9,-0.9,0.555,3235,6922,601,1723,46.74,34.88,2634,5199,50.66
Minnesota Timberwolves,2017-18,47,35,96.75,112.5,110.2,2.3,0.566,3365,7063,658,1845,47.64,35.66,2707,5218,51.88
Minnesota Timberwolves,2018-19,36,46,100.88,110.6,112.2,-1.6,0.552,3413,7483,827,2357,45.61,35.09,2586,5126,50.45
Minnesota Timberwolves,2019-20,19,45,103.94,107.6,111.6,-4,0.551,2586,5865,853,2540,44.09,33.58,1733,3325,52.12
Minnesota Timberwolves,2020-21,23,49,101.96,109.3,114.5,-5.3,0.555,2932,6546,944,2706,44.79,34.89,1988,3840,51.77
Minnesota Timberwolves,2021-22,46,36,101.47,113.8,111,2.7,0.573,3411,7458,1211,3386,45.74,35.76,2200,4072,54.03
Minnesota Timberwolves,2022-23,42,40,101.55,113.3,113.1,0.2,0.592,3515,7167,997,2731,49.04,36.51,2518,4436,56.76
Minnesota Timberwolves,2023-24,56,26,97.79,114.6,108.4,6.3,0.594,3383,6974,1037,2681,48.51,38.68,2346,4293,54.65
New Orleans Pelicans,2002-03,47,35,90.72,102.4,100,2.4,0.511,2914,6695,404,1075,43.53,37.58,2510,5620,44.66
New Orleans Pelicans,2003-04,41,41,90.59,100.7,100.6,0.1,0.505,2772,6605,531,1666,41.97,31.87,2241,4939,45.37
New Orleans Pelicans,2004-05,18,64,88.97,98.2,105.9,-7.7,0.493,2718,6556,415,1316,41.46,31.53,2303,5240,43.95
New Orleans Pelicans,2005-06,38,44,90.32,102.3,105.1,-2.8,0.515,2831,6428,300,885,44.04,33.9,2531,5543,45.66
New Orleans Pelicans,2006-07,39,43,91.19,103.7,105.4,-1.6,0.52,2971,6674,455,1256,44.52,36.23,2516,5418,46.44
New Orleans Pelicans,2007-08,56,26,91.04,110,104.4,5.6,0.548,3164,6796,630,1621,46.56,38.86,2534,5175,48.97
New Orleans Pelicans,2008-09,49,33,88.74,107.6,105.8,1.8,0.548,2911,6366,556,1526,45.73,36.44,2355,4840,48.66
New Orleans Pelicans,2009-10,37,45,93.53,106.5,108.9,-2.4,0.543,3178,6842,571,1572,46.45,36.32,2607,5270,49.47
New Orleans Pelicans,2010-11,46,36,89.4,105.4,104.4,1,0.537,2944,6416,444,1232,45.89,36.04,2500,5184,48.23
New Orleans Pelicans,2011-12,21,45,89.27,99.9,103.9,-4,0.517,2300,5103,259,777,45.07,33.33,2041,4326,47.18
New Orleans Pelicans,2012-13,27,55,89.5,104.5,108.9,-4.4,0.528,2955,6589,535,1474,44.85,36.3,2420,5115,47.31
New Orleans Pelicans,2013-14,34,48,93.07,106.2,109.1,-3,0.537,3101,6761,486,1303,45.87,37.3,2615,5458,47.91
New Orleans Pelicans,2014-15,45,37,92.29,107.1,106.3,0.8,0.537,3108,6795,586,1583,45.74,37.02,2522,5212,48.39
New Orleans Pelicans,2015-16,30,52,97.64,104.8,108.4,-3.7,0.537,3153,7040,702,1951,44.79,35.98,2451,5089,48.16
New Orleans Pelicans,2016-17,34,48,98.56,104.7,106.8,-2.1,0.539,3210,7130,768,2196,45.02,34.97,2442,4934,49.49
New Orleans Pelicans,2017-18,48,34,101.48,108.5,107.4,1.1,0.573,3500,7241,837,2312,48.34,36.2,2663,4929,54.03
New Orleans Pelicans,2018-19,33,49,103.89,110.7,112,-1.3,0.563,3581,7563,842,2449,47.35,34.38,2739,5114,53.56
New Orleans Pelicans,2019-20,30,42,103.89,110.5,111.8,-1.3,0.568,3065,6598,982,2656,46.45,36.97,2083,3942,52.84
New Orleans Pelicans,2020-21,31,41,100.54,113,113.3,-0.3,0.57,3060,6412,762,2190,47.72,34.79,2298,4222,54.43
New Orleans Pelicans,2021-22,36,46,98.02,111.2,112,-0.8,0.557,3294,7212,873,2629,45.67,33.21,2421,4583,52.83
New Orleans Pelicans,2022-23,42,40,99.58,113.8,112,1.9,0.582,3447,7180,899,2468,48.01,36.43,2548,4712,54.07
New Orleans Pelicans,2023-24,49,33,98.7,116.5,111.9,4.6,0.591,3484,7165,1023,2673,48.63,38.27,2461,4492,54.79
New York Knicks,2000-01,48,34,87.74,100,97,3,0.523,2755,6198,391,1115,44.45,35.07,2364,5083,46.51
New York Knicks,2001-02,30,52,90.78,100.4,104.6,-4.2,0.514,2817,6520,474,1344,43.21,35.27,2343,5176,45.27
New York Knicks,2002-03,37,45,92.06,103.3,104.6,-1.3,0.528,2967,6725,606,1582,44.12,38.31,2361,5143,45.91
New York Knicks,2003-04,39,43,91.29,99.7,101.3,-1.6,0.518,2881,6513,406,1115,44.23,36.41,2475,5398,45.85
New York Knicks,2004-05,33,49,92.12,104.5,107.2,-2.7,0.531,2978,6599,441,1240,45.13,35.56,2537,5359,47.34
New York Knicks,2005-06,23,59,92.03,102.7,109.3,-6.6,0.534,2822,6205,320,884,45.48,36.2,2502,5321,47.02
New York Knicks,2006-07,33,49,91.89,104.3,107.4,-3.1,0.539,2903,6356,474,1370,45.67,34.6,2429,4986,48.72
New York Knicks,2007-08,23,59,92.76,103.5,110.4,-6.8,0.518,2967,6757,490,1454,43.91,33.7,2477,5303,46.71
New York Knicks,2008-09,32,50,97.82,107,109.4,-2.5,0.544,3157,7091,823,2284,44.52,36.03,2334,4807,48.55
New York Knicks,2009-10,29,53,95.03,106.4,110.3,-4,0.547,3127,6876,743,2145,45.48,34.64,2384,4731,50.39
New York Knicks,2010-11,42,40,96.47,109.9,109,1,0.561,3140,6867,765,2081,45.73,36.76,2375,4786,49.62
New York Knicks,2011-12,36,30,93.91,103.5,100.2,3.2,0.533,2365,5335,517,1538,44.33,33.62,1848,3797,48.67
New York Knicks,2012-13,54,28,90.68,109.8,105.4,4.5,0.55,2996,6689,891,2371,44.79,37.58,2105,4318,48.75
New York Knicks,2013-14,37,45,91.24,107,108.1,-1.1,0.541,3027,6739,759,2038,44.92,37.24,2268,4701,48.25
New York Knicks,2014-15,17,65,92.06,98.9,109,-10.1,0.508,2882,6726,560,1614,42.85,34.7,2322,5112,45.42
New York Knicks,2015-16,32,50,94.12,103.9,106.7,-2.8,0.527,3022,6886,610,1762,43.89,34.62,2412,5124,47.07
New York Knicks,2016-17,31,51,96.63,107.1,110.7,-3.6,0.534,3244,7256,704,2022,44.71,34.82,2540,5234,48.53
New York Knicks,2017-18,29,53,97.64,106.3,109.7,-3.4,0.544,3334,7193,673,1914,46.35,35.16,2661,5279,50.41
New York Knicks,2018-19,17,65,100.16,104,112.9,-8.9,0.529,3134,7241,823,2421,43.28,33.99,2311,4820,47.95
New York Knicks,2019-20,21,45,99.11,105.9,112.4,-6.5,0.531,2638,5896,631,1872,44.74,33.71,2007,4024,49.88
New York Knicks,2020-21,41,31,96.32,110.2,107.8,2.4,0.559,2839,6225,847,2163,45.61,39.16,1992,4062,49.04
New York Knicks,2021-22,37,45,96.42,109.7,110.2,-0.4,0.55,3088,7069,1082,3029,43.68,35.72,2006,4040,49.65
New York Knicks,2022-23,47,35,97.75,117,114.2,2.8,0.577,3444,7328,1037,2930,47,35.39,2407,4398,54.73
New York Knicks,2023-24,50,32,95.96,117.3,112.4,4.9,0.574,3385,7272,1083,2936,46.55,36.89,2302,4336,53.09
Oklahoma City Thunder,2000-01,44,38,92.69,104.4,104.2,0.2,0.53,3029,6649,466,1169,45.56,39.86,2563,5480,46.77
Oklahoma City Thunder,2001-02,45,37,90.35,107.3,104.1,3.3,0.54,3131,6681,489,1292,46.86,37.85,2642,5389,49.03
Oklahoma City Thunder,2002-03,40,42,89.17,102.4,102.6,-0.2,0.512,2887,6599,456,1291,43.75,35.32,2431,5308,45.8
Oklahoma City Thunder,2003-04,37,45,91.34,105.6,106.4,-0.8,0.54,2939,6590,723,1936,44.6,37.35,2216,4654,47.61
Oklahoma City Thunder,2004-05,52,30,89.24,110.3,108,2.3,0.546,2882,6498,666,1824,44.35,36.51,2216,4674,47.41
Oklahoma City Thunder,2005-06,35,47,93.04,109.4,112.7,-3.3,0.551,3077,6711,605,1631,45.85,37.09,2472,5080,48.66
Oklahoma City Thunder,2006-07,31,51,92.92,105.9,108.9,-3,0.544,3047,6628,525,1451,45.97,36.18,2522,5177,48.72
Oklahoma City Thunder,2007-08,20,62,97.32,99.6,108.3,-8.6,0.509,3125,7032,313,939,44.44,33.33,2812,6093,46.15
Oklahoma City Thunder,2008-09,23,59,95.1,101.4,107.6,-6.2,0.521,2999,6716,328,949,44.65,34.56,2671,5767,46.32
Oklahoma City Thunder,2009-10,50,32,94.13,107,103.5,3.5,0.547,3063,6629,418,1229,46.21,34.01,2645,5400,48.98
Oklahoma City Thunder,2010-11,55,27,93.84,109.9,105.9,3.9,0.561,3066,6609,487,1403,46.39,34.71,2579,5206,49.54
Oklahoma City Thunder,2011-12,47,19,94.11,108.4,102.1,6.3,0.567,2462,5229,472,1317,47.08,35.84,1990,3912,50.87
Oklahoma City Thunder,2012-13,60,22,94.58,111,101.2,9.9,0.58,3126,6504,598,1588,48.06,37.66,2528,4916,51.42
Oklahoma City Thunder,2013-14,59,23,96.33,109.4,103,6.4,0.566,3194,6782,664,1839,47.1,36.11,2530,4943,51.18
Oklahoma City Thunder,2014-15,45,37,96.61,106.7,104.6,2.1,0.532,3184,7119,632,1864,44.73,33.91,2552,5255,48.56
Oklahoma City Thunder,2015-16,55,27,97.54,112.1,104.8,7.4,0.565,3372,7082,678,1945,47.61,34.86,2694,5137,52.44
Oklahoma City Thunder,2016-17,47,35,98.18,107.9,107.1,0.8,0.54,3237,7169,692,2116,45.15,32.7,2545,5053,50.37
Oklahoma City Thunder,2017-18,48,34,97.34,110.1,106.4,3.7,0.546,3271,7221,881,2491,45.3,35.37,2390,4730,50.53
Oklahoma City Thunder,2018-19,49,33,103.38,109.8,106.5,3.4,0.545,3497,7706,932,2677,45.38,34.82,2565,5029,51
Oklahoma City Thunder,2019-20,44,28,99.42,110.1,108.1,2.1,0.573,2879,6156,770,2171,46.77,35.47,2109,3985,52.92
Oklahoma City Thunder,2020-21,22,50,101.61,102.8,113.4,-10.6,0.539,2795,6338,857,2529,44.1,33.89,1938,3809,50.88
Oklahoma City Thunder,2021-22,24,58,99.39,103.8,111.7,-8,0.53,3141,7310,991,3066,42.97,32.32,2150,4244,50.66
Oklahoma City Thunder,2022-23,40,42,101.94,114.2,113.2,1,0.57,3533,7590,995,2797,46.55,35.57,2538,4793,52.95
Oklahoma City Thunder,2023-24,57,25,100.85,118.3,111,7.3,0.608,3653,7324,1090,2805,49.88,38.86,2563,4519,56.72
Orlando Magic,2000-01,43,39,94.14,102.1,101.1,1,0.513,3013,6873,490,1346,43.84,36.4,2523,5527,45.65
Orlando Magic,2001-02,44,38,94.4,105.6,104.1,1.5,0.533,3087,6892,620,1660,44.79,37.35,2467,5232,47.15
Orlando Magic,2002-03,42,40,94.33,103.7,103.7,0,0.526,2947,6763,568,1590,43.58,35.72,2379,5173,45.99
Orlando Magic,2003-04,21,61,92.14,101.4,108.8,-7.4,0.504,2904,6768,429,1248,42.91,34.38,2475,5520,44.84
Orlando Magic,2004-05,36,46,96.15,103.4,105.7,-2.3,0.529,3034,6679,320,916,45.43,34.93,2714,5763,47.09
Orlando Magic,2005-06,36,46,89.12,105.3,106.6,-1.3,0.543,2911,6167,299,796,47.2,37.56,2612,5371,48.63
Orlando Magic,2006-07,40,42,90.54,104.1,103.3,0.8,0.544,2875,6090,342,962,47.21,35.55,2533,5128,49.4
Orlando Magic,2007-08,52,30,94.02,110.4,104.9,5.6,0.575,3058,6446,801,2074,47.44,38.62,2257,4372,51.62
Orlando Magic,2008-09,59,23,92.99,108.3,101.3,7.1,0.559,2929,6416,817,2147,45.65,38.05,2112,4269,49.47
Orlando Magic,2009-10,59,23,92.54,110.7,102.8,7.9,0.573,3005,6394,841,2241,47,37.53,2164,4153,52.11
Orlando Magic,2010-11,52,30,91.55,107.4,101.8,5.6,0.554,2956,6411,770,2103,46.11,36.61,2186,4308,50.74
Orlando Magic,2011-12,37,29,89.75,104,103.4,0.6,0.533,2275,5162,670,1785,44.07,37.54,1605,3377,47.53
Orlando Magic,2012-13,20,62,92.81,100.9,108.4,-7.4,0.514,3093,6904,506,1537,44.8,32.92,2587,5367,48.2
Orlando Magic,2013-14,23,59,94.27,101,106.6,-5.7,0.525,3022,6784,563,1596,44.55,35.28,2459,5188,47.4
Orlando Magic,2014-15,25,57,94.51,101,106.8,-5.9,0.524,3076,6792,554,1598,45.29,34.67,2522,5194,48.56
Orlando Magic,2015-16,35,47,96.68,104.4,106,-1.6,0.533,3242,7120,636,1818,45.53,34.98,2606,5302,49.15
Orlando Magic,2016-17,29,53,96.9,103.7,110.3,-6.5,0.524,3139,7133,701,2139,44.01,32.77,2438,4994,48.82
Orlando Magic,2017-18,25,57,98.58,104.7,109.4,-4.7,0.545,3182,7042,844,2405,45.19,35.09,2338,4637,50.42
Orlando Magic,2018-19,42,40,98.65,108.2,107.6,0.6,0.55,3316,7307,937,2633,45.38,35.59,2379,4674,50.9
Orlando Magic,2019-20,33,40,98.99,107.9,109.2,-1.3,0.544,2871,6468,807,2354,44.39,34.28,2064,4114,50.17
Orlando Magic,2020-21,21,51,99.17,104.6,113.9,-9.3,0.527,2754,6423,784,2288,42.88,34.27,1970,4135,47.64
Orlando Magic,2021-22,22,60,99.71,103.9,112.1,-8.1,0.538,3139,7240,999,3022,43.36,33.06,2140,4218,50.73
Orlando Magic,2022-23,34,48,99.66,111.3,113.7,-2.3,0.573,3323,7074,883,2551,46.97,34.61,2440,4523,53.95
Orlando Magic,2023-24,47,35,97.37,112.9,110.8,2.2,0.577,3318,6964,903,2568,47.65,35.16,2415,4396,54.94
Philadelphia 76ers,2000-01,56,26,92.09,101.9,97.3,4.6,0.518,2902,6487,262,803,44.74,32.63,2640,5684,46.45
Philadelphia 76ers,2001-02,43,39,90.32,100.5,98.7,1.8,0.507,2804,6436,214,715,43.57,29.93,2590,5721,45.27
Philadelphia 76ers,2002-03,48,34,93.07,103.2,100.6,2.6,0.52,2975,6640,245,787,44.8,31.13,2730,5853,46.64
Philadelphia 76ers,2003-04,33,49,89.26,97.8,100.4,-2.6,0.505,2682,6260,339,992,42.84,34.17,2343,5268,44.48
Philadelphia 76ers,2004-05,43,39,96.56,101.8,102.5,-0.7,0.528,2946,6736,505,1453,43.74,34.76,2441,5283,46.2
Philadelphia 76ers,2005-06,38,44,93.91,104.7,106.5,-1.8,0.538,3001,6546,375,1031,45.84,36.37,2626,5515,47.62
Philadelphia 76ers,2006-07,35,47,91.84,102.4,105.6,-3.2,0.53,2932,6408,284,823,45.76,34.51,2648,5585,47.41
Philadelphia 76ers,2007-08,40,42,91.56,105.1,104.7,0.5,0.522,3056,6648,302,952,45.97,31.72,2754,5696,48.35
Philadelphia 76ers,2008-09,41,41,91.3,106.3,106.1,0.2,0.532,2997,6532,341,1072,45.88,31.81,2656,5460,48.64
Philadelphia 76ers,2009-10,27,55,92.72,104.8,108.9,-4.1,0.534,3087,6706,474,1381,46.03,34.32,2613,5325,49.07
Philadelphia 76ers,2010-11,41,41,92.78,105.3,103.8,1.5,0.535,3125,6776,443,1248,46.12,35.5,2682,5528,48.52
Philadelphia 76ers,2011-12,35,31,90.68,102.7,98.2,4.6,0.511,2471,5516,349,963,44.8,36.24,2122,4553,46.61
Philadelphia 76ers,2012-13,34,48,91.88,101,104.7,-3.7,0.509,3059,6895,518,1438,44.37,36.02,2541,5457,46.56
Philadelphia 76ers,2013-14,19,63,99.74,99,109,-10,0.51,3108,7150,577,1847,43.47,31.24,2531,5303,47.73
Philadelphia 76ers,2014-15,18,64,96.45,94.9,103.9,-9,0.494,2765,6777,692,2160,40.8,32.04,2073,4617,44.9
Philadelphia 76ers,2015-16,10,72,98.44,98.4,108.6,-10.2,0.519,2970,6887,764,2255,43.12,33.88,2206,4632,47.63
Philadelphia 76ers,2016-17,28,54,99.07,102.7,108.2,-5.5,0.539,3088,6992,831,2443,44.16,34.02,2257,4549,49.62
Philadelphia 76ers,2017-18,52,30,100.75,108.5,103.9,4.6,0.568,3349,7098,901,2445,47.18,36.85,2448,4653,52.61
Philadelphia 76ers,2018-19,51,31,102.59,111.6,109,2.6,0.574,3407,7233,889,2474,47.1,35.93,2518,4759,52.91
Philadelphia 76ers,2019-20,43,30,99.59,110.7,108.4,2.3,0.566,3000,6417,848,2307,46.75,36.76,2152,4110,52.36
Philadelphia 76ers,2020-21,49,23,100.12,112.5,107,5.5,0.579,2981,6257,811,2169,47.64,37.39,2170,4088,53.08
Philadelphia 76ers,2021-22,51,31,96.71,113,110.2,2.8,0.578,3230,6932,950,2608,46.6,36.43,2280,4324,52.73
Philadelphia 76ers,2022-23,54,28,97.44,117,112.7,4.4,0.608,3347,6870,1035,2675,48.72,38.69,2312,4195,55.11
Philadelphia 76ers,2023-24,47,35,98.17,116.2,113,3.1,0.574,3404,7331,992,2733,46.43,36.3,2412,4598,52.46
Phoenix Suns,2000-01,51,31,94.41,98.9,96.7,2.3,0.506,2944,6757,332,1054,43.57,31.5,2612,5703,45.8
Phoenix Suns,2001-02,36,46,92.74,101.8,102.6,-0.7,0.51,3097,6934,358,1096,44.66,32.66,2739,5838,46.92
Phoenix Suns,2002-03,44,38,92.59,102.6,101.3,1.3,0.514,3005,6776,394,1149,44.35,34.29,2611,5627,46.4
Phoenix Suns,2003-04,29,53,93.72,100.3,104.2,-3.8,0.515,2958,6671,415,1202,44.34,34.53,2543,5469,46.5
Phoenix Suns,2004-05,62,20,97.35,112.7,105.7,7,0.571,3351,7018,796,2026,47.75,39.29,2555,4992,51.18
Phoenix Suns,2005-06,54,28,96.92,110.2,104.7,5.4,0.568,3430,7167,837,2097,47.86,39.91,2593,5070,51.14
Phoenix Suns,2006-07,61,21,96.45,112.9,105.5,7.4,0.59,3388,6855,785,1965,49.42,39.95,2603,4890,53.23
Phoenix Suns,2007-08,55,27,97.72,112,107,5,0.59,3392,6782,694,1764,50.01,39.34,2698,5018,53.77
Phoenix Suns,2008-09,46,36,96.99,112.4,110.4,2,0.584,3373,6695,553,1445,50.38,38.27,2820,5250,53.71
Phoenix Suns,2009-10,54,28,96.43,113.9,109.1,4.8,0.585,3339,6788,730,1770,49.19,41.24,2609,5018,51.99
Phoenix Suns,2010-11,40,42,95.18,108.6,109.4,-0.8,0.559,3219,6844,701,1857,47.03,37.75,2518,4987,50.49
Phoenix Suns,2011-12,33,33,93.61,105.2,105.2,-0.1,0.536,2495,5445,444,1295,45.82,34.29,2051,4150,49.42
Phoenix Suns,2012-13,25,57,94.48,100.2,106.9,-6.7,0.512,3061,6917,480,1455,44.25,32.99,2581,5462,47.25
Phoenix Suns,2013-14,48,34,96.83,108.2,105.6,2.6,0.558,3172,6845,765,2055,46.34,37.23,2407,4790,50.25
Phoenix Suns,2014-15,39,43,97.2,104.2,105.3,-1.1,0.537,3178,7038,698,2048,45.15,34.08,2480,4990,49.7
Phoenix Suns,2015-16,23,59,99.39,101.5,107.9,-6.5,0.526,3051,7018,738,2118,43.47,34.84,2313,4900,47.2
Phoenix Suns,2016-17,24,58,100.85,106.1,111.3,-5.2,0.538,3270,7260,615,1854,45.04,33.17,2655,5406,49.11
Phoenix Suns,2017-18,21,61,101.14,102.8,111.7,-9,0.532,3153,7141,763,2286,44.15,33.38,2390,4855,49.23
Phoenix Suns,2018-19,19,63,101.15,105.3,114.2,-8.9,0.552,3289,7164,790,2400,45.91,32.92,2499,4764,52.46
Phoenix Suns,2019-20,34,39,101.74,111.3,110.8,0.5,0.576,3006,6429,831,2320,46.76,35.82,2175,4109,52.93
Phoenix Suns,2020-21,51,21,98,116.3,110.4,5.9,0.597,3118,6357,940,2490,49.05,37.75,2178,3867,56.32
Phoenix Suns,2021-22,64,18,100.26,114.2,106.8,7.5,0.581,3581,7389,951,2616,48.46,36.35,2630,4773,55.1
Phoenix Suns,2022-23,45,37,98.83,114.5,112.3,2.2,0.57,3453,7388,1001,2674,46.74,37.43,2452,4714,52.02
Phoenix Suns,2023-24,49,33,99,116.8,113.7,3.1,0.603,3482,7063,1020,2671,49.3,38.19,2462,4392,56.06
Portland Trail Blazers,2000-01,50,32,90.53,104.7,100.5,4.2,0.539,3004,6417,369,1057,46.81,34.91,2635,5360,49.16
Portland Trail Blazers,2001-02,49,33,90.55,105.9,102.6,3.3,0.528,3004,6671,466,1318,45.03,35.36,2538,5353,47.41
Portland Trail Blazers,2002-03,50,32,90.44,104.2,101.5,2.7,0.531,2987,6491,379,1150,46.02,32.96,2608,5341,48.83
Portland Trail Blazers,2003-04,41,41,87.54,102.1,103.5,-1.5,0.515,2898,6467,381,1102,44.81,34.57,2517,5365,46.92
Portland Trail Blazers,2004-05,27,55,91.05,101.9,106.1,-4.3,0.524,2896,6422,420,1161,45.09,36.18,2476,5261,47.06
Portland Trail Blazers,2005-06,21,61,88.88,99.7,110.3,-10.7,0.511,2791,6267,364,1042,44.53,34.93,2427,5225,46.45
Portland Trail Blazers,2006-07,32,50,89.36,103.8,108.6,-4.8,0.53,2874,6392,426,1232,44.96,34.58,2448,5160,47.44
Portland Trail Blazers,2007-08,41,41,89.1,105.9,106.8,-0.8,0.532,2935,6546,538,1426,44.84,37.73,2397,5120,46.82
Portland Trail Blazers,2008-09,54,28,88.02,112.1,106.1,6,0.553,3018,6494,596,1555,46.47,38.33,2422,4939,49.04
Portland Trail Blazers,2009-10,50,32,88.64,109.6,106.1,3.5,0.547,2974,6453,491,1388,46.09,35.37,2483,5065,49.02
Portland Trail Blazers,2010-11,48,34,89.13,107.3,105.7,1.6,0.533,2951,6599,518,1503,44.72,34.46,2433,5096,47.74
Portland Trail Blazers,2011-12,28,38,92.24,104.4,105.3,-0.9,0.531,2402,5417,478,1382,44.34,34.59,1924,4035,47.68
Portland Trail Blazers,2012-13,33,49,92.46,104.5,107.9,-3.4,0.536,3009,6715,673,1904,44.81,35.35,2336,4811,48.56
Portland Trail Blazers,2013-14,54,28,95.9,110.4,106.2,4.2,0.548,3207,7134,770,2071,44.95,37.18,2437,5063,48.13
Portland Trail Blazers,2014-15,51,31,95.06,107.1,102.8,4.3,0.544,3175,7049,807,2231,45.04,36.17,2368,4818,49.15
Portland Trail Blazers,2015-16,44,38,97.06,107.6,106.8,0.8,0.548,3167,7040,864,2336,44.99,36.99,2303,4704,48.96
Portland Trail Blazers,2016-17,41,41,97.38,109.4,110,-0.6,0.559,3243,7059,852,2272,45.94,37.5,2391,4787,49.95
Portland Trail Blazers,2017-18,49,33,97.11,108.4,105.7,2.7,0.549,3222,7132,845,2308,45.18,36.61,2377,4824,49.27
Portland Trail Blazers,2018-19,53,29,99.96,113.7,109.5,4.2,0.568,3470,7427,904,2520,46.72,35.87,2566,4907,52.29
Portland Trail Blazers,2019-20,35,39,101.17,113.2,114.3,-1.1,0.57,3122,6749,952,2525,46.26,37.7,2170,4224,51.37
Portland Trail Blazers,2020-21,42,30,98.97,117.1,115.3,1.8,0.577,2973,6558,1132,2939,45.33,38.52,1841,3619,50.87
Portland Trail Blazers,2021-22,27,55,98.74,107.3,116.3,-9.1,0.55,3161,7144,1043,3017,44.25,34.57,2118,4127,51.32
Portland Trail Blazers,2022-23,33,49,99.25,114,118,-4,0.589,3317,7001,1056,2893,47.38,36.5,2261,4108,55.04
Portland Trail Blazers,2023-24,21,61,97.88,107.6,116.6,-9,0.539,3227,7356,939,2723,43.87,34.48,2288,4633,49.38
Sacramento Kings,2000-01,55,27,95.61,104.2,98.5,5.7,0.529,3132,6969,479,1353,44.94,35.4,2653,5616,47.24
Sacramento Kings,2001-02,61,21,96.74,107.9,99.7,8.1,0.539,3267,7003,426,1160,46.65,36.72,2841,5843,48.62
Sacramento Kings,2002-03,59,23,96.63,104.4,97.8,6.6,0.535,3242,6990,491,1288,46.38,38.12,2751,5702,48.25
Sacramento Kings,2003-04,55,27,94.25,108.6,103.2,5.4,0.554,3103,6711,601,1498,46.24,40.12,2502,5213,48
Sacramento Kings,2004-05,50,32,94.52,108.8,106.5,2.3,0.541,3203,6978,522,1396,45.9,37.39,2681,5582,48.03
Sacramento Kings,2005-06,44,38,93.26,105.3,103.5,1.8,0.544,2954,6500,494,1408,45.45,35.09,2460,5092,48.31
Sacramento Kings,2006-07,33,49,95.83,105.1,106.7,-1.6,0.545,2941,6532,530,1513,45.02,35.03,2411,5019,48.04
Sacramento Kings,2007-08,38,44,95.81,106.2,108.6,-2.4,0.556,3043,6558,510,1367,46.4,37.31,2533,5191,48.8
Sacramento Kings,2008-09,17,65,95.29,104.4,113.4,-9,0.542,2990,6685,586,1594,44.73,36.76,2404,5091,47.22
Sacramento Kings,2009-10,25,57,94.78,104.4,109.1,-4.7,0.528,3144,6895,482,1383,45.6,34.85,2662,5512,48.29
Sacramento Kings,2010-11,24,58,95.76,102.9,108.4,-5.5,0.519,3134,6979,428,1277,44.91,33.52,2706,5702,47.46
Sacramento Kings,2011-12,22,44,95.56,102.9,108.7,-5.8,0.51,2490,5712,411,1301,43.59,31.59,2079,4411,47.13
Sacramento Kings,2012-13,28,54,94.65,105.3,110,-4.7,0.532,3086,6904,610,1681,44.7,36.29,2476,5223,47.41
Sacramento Kings,2013-14,28,54,95.04,105.1,107.8,-2.7,0.532,3026,6766,491,1475,44.72,33.29,2535,5291,47.91
Sacramento Kings,2014-15,29,53,96.16,104.5,108.2,-3.7,0.542,3010,6617,461,1350,45.49,34.15,2549,5267,48.4
Sacramento Kings,2015-16,33,49,100.66,105.3,107.6,-2.3,0.546,3283,7083,660,1839,46.35,35.89,2623,5244,50.02
Sacramento Kings,2016-17,32,50,95.42,106.6,110.8,-4.2,0.556,3105,6734,737,1960,46.11,37.6,2368,4774,49.6
Sacramento Kings,2017-18,27,55,95.5,103.1,110.4,-7.3,0.529,3179,7063,738,1967,45.01,37.52,2441,5096,47.9
Sacramento Kings,2018-19,39,43,103.88,109.6,110.8,-1.2,0.554,3541,7637,927,2455,46.37,37.76,2614,5182,50.44
Sacramento Kings,2019-20,31,41,99.6,109.5,111.4,-1.9,0.566,2943,6364,914,2511,46.24,36.4,2029,3853,52.66
Sacramento Kings,2020-21,31,41,100.71,112.7,116.5,-3.8,0.578,3067,6382,874,2400,48.06,36.42,2193,3982,55.07
Sacramento Kings,2021-22,30,52,100.1,109.6,114.8,-5.2,0.561,3321,7223,937,2722,45.98,34.42,2384,4501,52.97
Sacramento Kings,2022-23,48,34,100.99,118.6,116,2.6,0.608,3573,7232,1128,3060,49.41,36.86,2445,4172,58.6
Sacramento Kings,2023-24,46,36,99.46,116.2,114.4,1.8,0.582,3553,7455,1178,3219,47.66,36.6,2375,4236,56.07
San Antonio Spurs,2000-01,58,24,90.87,105,96.6,8.3,0.541,2884,6262,445,1094,46.06,40.68,2439,5168,47.19
San Antonio Spurs,2001-02,58,24,91.06,105.4,98.5,6.9,0.539,2913,6363,438,1211,45.78,36.17,2475,5152,48.04
San Antonio Spurs,2002-03,60,22,91.46,103.9,98.1,5.8,0.541,2908,6297,449,1270,46.18,35.35,2459,5027,48.92
San Antonio Spurs,2003-04,57,25,90.23,101,93.1,7.9,0.511,2842,6434,408,1140,44.17,35.79,2434,5294,45.98
San Antonio Spurs,2004-05,59,23,89.96,106.1,97.8,8.3,0.534,2923,6450,507,1395,45.32,36.34,2416,5055,47.79
San Antonio Spurs,2005-06,63,19,89.41,106.2,98.7,7.5,0.546,2993,6342,524,1362,47.19,38.47,2469,4980,49.58
San Antonio Spurs,2006-07,58,24,90.22,108.6,99.4,9.2,0.561,2999,6328,595,1561,47.39,38.12,2404,4767,50.43
San Antonio Spurs,2007-08,56,26,89.72,106,100.7,5.3,0.543,2938,6424,594,1610,45.73,36.89,2344,4814,48.69
San Antonio Spurs,2008-09,54,28,89.19,107.6,103.4,4.2,0.548,3042,6534,625,1620,46.56,38.58,2417,4914,49.19
San Antonio Spurs,2009-10,50,32,92.26,109.3,103.9,5.4,0.552,3150,6659,554,1547,47.3,35.81,2596,5112,50.78
San Antonio Spurs,2010-11,61,21,93.34,110.5,104.4,6.1,0.567,3148,6628,685,1727,47.5,39.66,2463,4901,50.26
San Antonio Spurs,2011-12,50,16,93.67,110,102.3,7.7,0.562,2611,5463,552,1405,47.79,39.29,2059,4058,50.74
San Antonio Spurs,2012-13,58,24,95.31,107,100.3,6.7,0.568,3210,6675,663,1764,48.09,37.59,2547,4911,51.86
San Antonio Spurs,2013-14,62,20,95.87,109.5,101.4,8.1,0.571,3326,6844,698,1757,48.6,39.73,2628,5087,51.66
San Antonio Spurs,2014-15,55,27,94.45,107.6,101.4,6.3,0.555,3208,6854,677,1847,46.8,36.65,2531,5007,50.55
San Antonio Spurs,2015-16,67,15,94.54,109.3,98.2,11.1,0.564,3289,6797,570,1518,48.39,37.55,2719,5279,51.51
San Antonio Spurs,2016-17,61,21,94.86,110.3,102.9,7.4,0.564,3222,6864,753,1927,46.94,39.08,2469,4937,50.01
San Antonio Spurs,2017-18,47,35,95.7,107.1,104.1,3,0.543,3202,6999,696,1977,45.75,35.2,2506,5022,49.9
San Antonio Spurs,2018-19,48,34,98.88,112.2,110.6,1.6,0.572,3468,7248,812,2071,47.85,39.21,2656,5177,51.3
San Antonio Spurs,2019-20,32,39,101.14,111.7,112.6,-0.9,0.572,2995,6350,760,2021,47.17,37.61,2235,4329,51.63
San Antonio Spurs,2020-21,33,39,99.45,110.5,112,-1.5,0.554,3014,6518,716,2046,46.24,35,2298,4472,51.39
San Antonio Spurs,2021-22,34,48,100.51,111.9,111.7,0.2,0.556,3546,7601,925,2626,46.65,35.22,2621,4975,52.68
San Antonio Spurs,2022-23,22,60,102.07,109.7,119.6,-9.9,0.554,3533,7593,911,2640,46.53,34.51,2622,4953,52.94
San Antonio Spurs,2023-24,22,60,101.8,109.3,115.6,-6.4,0.563,3438,7436,1036,2983,46.23,34.73,2402,4453,53.94
Toronto Raptors,2000-01,47,35,92.22,104.4,102,2.3,0.51,3048,6972,429,1164,43.72,36.86,2619,5808,45.09
Toronto Raptors,2001-02,42,40,90.02,101.1,101.7,-0.6,0.501,2919,6727,387,1109,43.39,34.9,2532,5618,45.07
Toronto Raptors,2002-03,24,58,91.01,99.3,105.6,-6.3,0.497,2847,6664,409,1193,42.72,34.28,2438,5471,44.56
Toronto Raptors,2003-04,33,49,88.24,95.3,98.8,-3.4,0.495,2654,6348,461,1294,41.81,35.63,2193,5054,43.39
Toronto Raptors,2004-05,33,49,94.01,105.4,107.2,-1.8,0.539,2952,6656,648,1681,44.35,38.55,2304,4975,46.31
Toronto Raptors,2005-06,27,55,92.33,107.9,111.2,-3.2,0.548,3013,6639,608,1620,45.38,37.53,2405,5019,47.92
Toronto Raptors,2006-07,47,35,93.86,105.7,104.4,1.2,0.55,3032,6547,531,1464,46.31,36.27,2501,5083,49.2
Toronto Raptors,2007-08,41,41,91.35,108.9,105.6,3.3,0.551,3148,6726,572,1459,46.8,39.2,2576,5267,48.91
Toronto Raptors,2008-09,33,49,93.26,105.5,108.6,-3,0.542,3054,6673,479,1289,45.77,37.16,2575,5384,47.83
Toronto Raptors,2009-10,40,42,93.94,110.2,112.2,-2,0.564,3199,6631,518,1397,48.24,37.08,2681,5234,51.22
Toronto Raptors,2010-11,22,60,93.78,105.2,111.7,-6.5,0.533,3144,6755,345,1091,46.54,31.62,2799,5664,49.42
Toronto Raptors,2011-12,23,43,90.19,99.6,103.6,-3.9,0.518,2268,5154,365,1075,44,33.95,1903,4079,46.65
Toronto Raptors,2012-13,34,48,91.26,105,106.4,-1.4,0.532,2979,6685,571,1665,44.56,34.29,2408,5020,47.97
Toronto Raptors,2013-14,48,34,92.48,107.9,104.6,3.3,0.545,2992,6718,713,1917,44.54,37.19,2279,4801,47.47
Toronto Raptors,2014-15,49,33,93.46,110.2,107.1,3.1,0.553,3108,6829,726,2060,45.51,35.24,2382,4769,49.95
Toronto Raptors,2015-16,56,26,93.35,109.3,104.8,4.4,0.552,3006,6669,708,1915,45.07,36.97,2298,4754,48.34
Toronto Raptors,2016-17,51,31,95.41,111.4,107.1,4.3,0.561,3211,6918,725,1996,46.42,36.32,2486,4922,50.51
Toronto Raptors,2017-18,59,23,98.02,113,105.3,7.7,0.575,3383,7169,968,2705,47.19,35.79,2415,4464,54.1
Toronto Raptors,2018-19,58,24,100.51,112.6,106.8,5.8,0.579,3460,7305,1015,2771,47.36,36.63,2445,4534,53.93
Toronto Raptors,2019-20,53,19,101.19,110.8,104.7,6.1,0.574,2897,6331,995,2663,45.76,37.36,1902,3668,51.85
Toronto Raptors,2020-21,27,45,99.57,111.6,112,-0.4,0.567,2859,6383,1041,2831,44.79,36.77,1818,3552,51.18
Toronto Raptors,2021-22,48,34,96.63,112.1,109.9,2.2,0.543,3332,7489,979,2808,44.49,34.86,2353,4681,50.27
Toronto Raptors,2022-23,41,41,97.85,114.6,113.1,1.5,0.555,3434,7489,880,2626,45.85,33.51,2554,4863,52.52
Toronto Raptors,2023-24,25,57,99.91,111.8,118.1,-6.3,0.566,3466,7356,942,2712,47.12,34.73,2524,4644,54.35
Utah Jazz,2000-01,53,29,91.08,106.1,100.9,5.2,0.546,2960,6289,325,852,47.07,38.15,2635,5437,48.46
Utah Jazz,2001-02,44,38,91.75,103.8,102.9,0.9,0.529,2869,6374,280,842,45.01,33.25,2589,5532,46.8
Utah Jazz,2002-03,47,35,90.78,103.7,101.1,2.6,0.537,2894,6189,224,641,46.76,34.95,2670,5548,48.13
Utah Jazz,2003-04,42,40,88.26,100,101.3,-1.3,0.509,2690,6172,252,786,43.58,32.06,2438,5386,45.27
Utah Jazz,2004-05,26,56,90.02,102.9,107.3,-4.4,0.522,2828,6301,250,762,44.88,32.81,2578,5539,46.54
Utah Jazz,2005-06,41,41,89.4,102.4,105.1,-2.7,0.519,2744,6207,311,925,44.21,33.62,2433,5282,46.06
Utah Jazz,2006-07,51,31,92.81,108.6,105.6,3,0.551,3069,6471,354,1056,47.43,33.52,2715,5415,50.14
Utah Jazz,2007-08,54,28,94.64,112.1,104.9,7.2,0.573,3279,6592,407,1095,49.74,37.17,2872,5497,52.25
Utah Jazz,2008-09,48,34,94.47,108.5,105.8,2.7,0.554,3143,6623,392,1122,47.46,34.94,2751,5501,50.01
Utah Jazz,2009-10,53,29,94.68,109.7,104,5.7,0.565,3227,6575,439,1207,49.08,36.37,2788,5368,51.94
Utah Jazz,2010-11,39,43,92.03,107,108.8,-1.8,0.544,3064,6590,435,1256,46.49,34.63,2629,5334,49.29
Utah Jazz,2011-12,36,30,92.53,105.5,104.9,0.5,0.525,2523,5531,273,845,45.62,32.31,2250,4686,48.02
Utah Jazz,2012-13,43,39,92.05,105.4,105.6,-0.2,0.533,3046,6710,507,1385,45.39,36.61,2539,5325,47.68
Utah Jazz,2013-14,25,57,92.32,102.4,110.1,-7.6,0.523,2951,6652,543,1577,44.36,34.43,2408,5075,47.45
Utah Jazz,2014-15,38,44,91.1,104.2,104.1,0.1,0.531,2900,6492,610,1781,44.67,34.25,2290,4711,48.61
Utah Jazz,2015-16,40,42,91.66,105,103.2,1.8,0.54,2957,6593,694,1956,44.85,35.48,2263,4637,48.8
Utah Jazz,2016-17,51,31,92.09,109,104.7,4.3,0.563,3033,6515,791,2128,46.55,37.17,2242,4387,51.11
Utah Jazz,2017-18,48,34,96.58,107.4,103,4.4,0.564,3139,6797,887,2425,46.18,36.58,2252,4372,51.51
Utah Jazz,2018-19,50,32,100.84,110.3,105.3,5,0.572,3314,7082,993,2789,46.79,35.6,2321,4293,54.06
Utah Jazz,2019-20,44,28,99.15,111.8,109.3,2.5,0.585,2886,6130,963,2537,47.08,37.96,1923,3593,53.52
Utah Jazz,2020-21,52,20,99.37,116.5,107.5,9,0.597,2971,6344,1205,3098,46.83,38.9,1766,3246,54.41
Utah Jazz,2021-22,49,33,97.5,116.2,110,6.2,0.589,3327,7067,1192,3308,47.08,36.03,2135,3759,56.8
Utah Jazz,2022-23,37,45,101.02,115.3,116,-0.7,0.584,3485,7365,1094,3099,47.32,35.3,2391,4266,56.05
Utah Jazz,2023-24,31,51,100.26,114.5,119.6,-5.1,0.579,3443,7371,1060,2993,46.71,35.42,2383,4378,54.43
Washington Wizards,2000-01,19,63,93.97,99.4,106.2,-6.8,0.514,2833,6453,275,848,43.9,32.43,2558,5605,45.64
Washington Wizards,2001-02,37,45,89.93,102.9,104.5,-1.6,0.508,2938,6664,305,786,44.09,38.8,2633,5878,44.79
Washington Wizards,2002-03,37,45,89.46,101.5,102.6,-1.1,0.513,2816,6394,253,811,44.04,31.2,2563,5583,45.91
Washington Wizards,2003-04,25,57,93.9,97.2,102.9,-5.7,0.5,2759,6557,434,1270,42.08,34.17,2325,5287,43.98
Washington Wizards,2004-05,45,37,94.8,105.4,105.9,-0.4,0.523,2966,6794,514,1498,43.66,34.31,2452,5296,46.3
Washington Wizards,2005-06,42,40,93.68,107.7,105.8,1.9,0.538,2975,6656,497,1394,44.7,35.65,2478,5262,47.09
Washington Wizards,2006-07,41,41,95.33,108.7,109.1,-0.4,0.542,3070,6820,561,1614,45.01,34.76,2509,5206,48.19
Washington Wizards,2007-08,43,39,90.85,107.6,107.9,-0.3,0.535,2986,6695,575,1614,44.6,35.63,2411,5081,47.45
Washington Wizards,2008-09,19,63,92.26,104,112.1,-8.1,0.524,2994,6655,395,1198,44.99,32.97,2599,5457,47.63
Washington Wizards,2009-10,26,56,92.6,103.1,108.3,-5.3,0.524,3008,6700,432,1225,44.9,35.27,2576,5475,47.05
Washington Wizards,2010-11,23,59,94.76,101.3,109.1,-7.8,0.513,3048,6888,392,1182,44.25,33.16,2656,5706,46.55
Washington Wizards,2011-12,20,46,93.59,100,104.9,-5,0.508,2414,5475,344,1075,44.09,32,2070,4400,47.05
Washington Wizards,2012-13,29,53,93.23,99.3,101.6,-2.3,0.512,2910,6693,545,1495,43.48,36.45,2365,5198,45.5
Washington Wizards,2013-14,44,38,94.18,104.9,103.6,1.3,0.538,3177,6920,647,1704,45.91,37.97,2530,5216,48.5
Washington Wizards,2014-15,46,36,94.29,103,102.4,0.6,0.534,3139,6790,497,1381,46.23,35.99,2642,5409,48.84
Washington Wizards,2015-16,41,41,99.16,104.5,105.1,-0.5,0.544,3238,7033,709,1983,46.04,35.75,2529,5050,50.08
Washington Wizards,2016-17,49,33,97.94,110.4,108.8,1.7,0.564,3388,7137,756,2030,47.47,37.24,2632,5107,51.54
Washington Wizards,2017-18,43,39,97.67,108.1,107.7,0.4,0.56,3275,7018,814,2173,46.67,37.46,2461,4845,50.79
Washington Wizards,2018-19,32,50,102.23,110.2,112.9,-2.7,0.567,3456,7387,930,2731,46.78,34.05,2526,4656,54.25
Washington Wizards,2019-20,25,47,103.38,110.2,114.7,-4.5,0.562,2990,6544,864,2345,45.69,36.84,2126,4199,50.63
Washington Wizards,2020-21,34,38,104.67,110.7,112.3,-1.6,0.569,3108,6547,733,2088,47.47,35.11,2375,4459,53.26
Washington Wizards,2021-22,35,47,97.8,110.2,113.6,-3.4,0.568,3327,7056,860,2512,47.15,34.24,2467,4544,54.29
Washington Wizards,2022-23,35,47,99.16,113.7,114.9,-1.2,0.585,3456,7127,925,2601,48.49,35.56,2531,4526,55.92
Washington Wizards,2023-24,15,67,103.07,110.2,118.9,-8.7,0.567,3523,7493,1015,2915,47.02,34.82,2508,4578,54.78
